Date,file,clipping,audio_duration,ZCR,MEANt,VARt,SKEWt,KURTt,LEQt,BGNt,SNRt,MED,Ht,ACTtFraction,ACTtCount,ACTtMean,EVNtFraction,EVNtMean,EVNtCount,MEANf,VARf,SKEWf,KURTf,NBPEAKS,LEQf,ENRf,BGNf,SNRf,Hf,EAS,ECU,ECV,EPS,EPS_KURT,EPS_SKEW,ACI,NDSI,rBA,AnthroEnergy,BioEnergy,BI,ROU,ADI,AEI,LFC,MFC,HFC,ACTspFract,ACTspCount,ACTspMean,EVNspFract,EVNspMean,EVNspCount,TFSD,H_Havrda,H_Renyi,H_pairedShannon,H_gamma,H_GiniSimpson,RAOQ,AGI,nROI,aROI
2019-06-13 08:45:00,/media/haupert/data/mes_projets_data/nROI/dataset/_02_dataset_for_publication/dB@risoux/audio/S4A03536_20190613_084500.wav,0,0.9999092970521541,2833.973716436865,1.2491351822176485e-18,0.0008889294787964538,0.3918851538187953,17.40020464272046,113.42004015110733,-30.90191001272245,4.677457402365757,0.02850391402242261,0.8841604766360165,0.30404490032901105,1571,8.98036097330844,0.28353009483259145,0.0726863964959203,3.9014862804878048,0.00027212157379219736,2.745118943696182e-07,7.207970147490656,90.03376428806396,16,55.51550056264653,-37.48449943735348,-46.06564809525112,8.581148657897643,0.570760063489335,0.1887528217142389,0.39723888605775093,0.28270382506993064,0.12738334205016477,11.184951930539691,2.6446969747639546,312.2609893628472,-0.28327761819045705,0.5585092201796439,0.6166366420918188,0.3443972501088959,55.10861862318044,1.308094011752569,1.8781645107340832,0.4807734521189186,0.15231752621477587,0.24619840545235094,0.13800285458403325,0.17754722887630664,917.208984375,22.542862051697593,0.057935524946767326,0.07770314480444764,0.499212554902098,0.5690370974671509,0.3201646833114382,1.6156519919224974,4.488122552427996,8798.705558205173,0.8709911283821093,0.298748489570619,1.9942556306051193,101.03849085365853,6.7959751863143625
2019-06-13 15:00:00,/media/haupert/data/mes_projets_data/nROI/dataset/_02_dataset_for_publication/dB@risoux/audio/S4A03536_20190613_150000.wav,0,0.9999092970521541,1201.842343976778,-1.9635021985463657e-18,0.00043981033212123357,0.08212559364145659,11.64524265501491,110.37854967108645,-36.05623511222137,5.560551939515339,0.015746652532096755,0.8727911606007397,0.2943681052835301,1521,10.13161743878629,0.2736597638862009,0.06926796597682675,3.9515053353658534,8.633728509646252e-05,9.846333782667203e-08,12.75868229345711,196.91504390326102,12,50.34237537369342,-42.65762462630658,-48.38981939335868,5.7321947670521,0.2841731343552268,0.12354497856311086,0.4594181756335237,0.30516742848045786,0.04574102965023241,14.956214484043874,3.0138709488422504,297.5020994485993,-0.9076164338725811,0.0484287954784886,0.2514127970913349,0.012175618931011012,26.48351374848223,0.3315248594493624,1.3276128679283385,0.6936375064448896,0.14371792654096752,0.17873446496115078,0.12573628495328484,0.14667643607239644,757.73046875,12.388268019705944,0.028252637437088658,0.06137027484629835,0.2589052390498321,0.5298468837412472,0.272090090075134,0.8471447305630464,2.5509622888779764,2807.8754462812253,0.6438470402152022,0.04472819370572006,1.3471944587985014,53.02019817073171,3.410029217479675
2019-06-15 02:00:00,/media/haupert/data/mes_projets_data/nROI/dataset/_02_dataset_for_publication/dB@risoux/audio/S4A03536_20190615_020000.wav,1,0.9999092970521541,6956.24761883164,1.933121458425243e-18,0.004279874930211806,-1.4767294421481711,76.93552896419546,120.26461552740142,-24.003228739771387,5.179510887734516,0.06307228470863671,0.8113176582269311,0.18850396748596865,974,11.25831128330401,0.13334623572672732,0.05062831883808376,2.6343368902439024,0.0006661022173970483,1.2686807659448579e-06,10.632476001846099,154.15448842900994,7,62.42868314651497,-30.571316853485023,-37.58264443777361,7.011327584288587,0.5104656660979975,0.0043742119227112575,0.36920521862027444,0.3091876241919512,0.007716556679841502,3.408679215653048,0.35546787898766374,310.93751428867176,-0.5975668876954564,0.2519037640327328,3.5449067303163173,0.892975348511648,15.610671323230635,5.956871213337079,2.2068526067177623,0.2444577791774467,0.1483019085510004,0.14339542173114628,0.14415649368020353,0.14419249661246614,744.8984375,8.768535639546455,0.004876385259388308,0.04984210052647166,0.08383722296065765,0.5166129597565812,0.30955482606802026,1.3201804368583356,4.072296337310338,15144.97423575986,0.8057597919762479,0.2590928272638308,1.2783261308939018,2.0007621951219514,0.097429406213705
2019-06-15 07:30:00,/media/haupert/data/mes_projets_data/nROI/dataset/_02_dataset_for_publication/dB@risoux/audio/S4A03536_20190615_073000.wav,0,0.9999092970521541,7505.897473693759,2.1686141567121768e-18,0.0001008182693262449,0.14409230438711332,18.083864790172473,103.96390764657049,-33.814009324474725,3.8176607579189152,0.02038447514327759,0.8765621747958978,0.266498935552545,1377,8.258854666555171,0.21017998838784596,0.07505021056041465,2.8010670731707314,0.00026199725921960783,1.0434550094937296e-07,1.7650971746818829,6.12915479972091,17,52.472861012402426,-40.52713898759757,-48.47969864971792,7.9525596621203505,0.7847878724234553,0.06977237256213709,0.3660501180868295,0.21216931856981103,0.0884824720232279,10.140548213459953,2.447959901215984,325.66599248493714,0.2903134517549126,1.818145567145945,0.20587235534512927,0.3743059102686416,34.42346343337644,0.6556512178917058,2.283703441403169,0.09420695861866032,0.14730933023615947,0.20882942977634514,0.15789771018494983,0.1734443809281843,896.013671875,12.538629303922487,0.026419739643825012,0.062187268153342135,0.3242096804003055,0.5401273715882381,0.33325681249504235,4.189667584798115,5.889962235738443,21671.752884255744,0.9884790251563513,0.2859177775041574,1.4482988567223742,136.0518292682927,3.349877806813782
2019-06-15 13:15:00,/media/haupert/data/mes_projets_data/nROI/dataset/_02_dataset_for_publication/dB@risoux/audio/S4A03536_20190615_131500.wav,0,0.9999092970521541,3515.568872460087,-1.5831554741570629e-18,5.4236723351149074e-05,0.10153298337306327,6.008759963937643,101.25981097902624,-38.097618283772654,1.809869911512827,0.012448559109577532,0.950973546516357,0.208631701180569,1078,5.949092683148041,0.17514999032320494,0.04568273686286109,3.834794207317073,0.00010187559309424815,3.873660903054871e-08,6.372840791268207,62.94014556654841,12,47.004862801522876,-45.995137198477124,-51.06437558041886,5.069238381941737,0.5695475563283781,0.12291203004374562,0.3813412169837801,0.28321022701296994,0.18224200942178193,10.116962687919656,2.4779299558987655,307.22232247700435,-0.27605758143413966,0.5673273910980049,0.09167386729657892,0.05200909596523283,46.48906609781743,0.19004683760995497,2.0522243002906873,0.3473340450861159,0.1558512697588982,0.23733026100314478,0.12495700677423698,0.16871355376500194,871.57421875,14.669936715751303,0.04864135694928378,0.06030370534542443,0.5193413054031417,0.5583012158643852,0.32728462708659717,2.0046492923268753,4.502450156445691,9865.578625031665,0.9056440619317302,0.29264705103665734,1.5257393100866845,101.03849085365853,7.054917368370112
2019-06-15 23:00:00,/media/haupert/data/mes_projets_data/nROI/dataset/_02_dataset_for_publication/dB@risoux/audio/S4A03536_20190615_230000.wav,0,0.9999092970521541,3277.5306150217707,8.050056885132818e-19,8.248566743069868e-06,-0.03886761937090267,3.386482886299791,93.0414152113599,-46.48558596766414,1.6352294772574467,0.0047393709435576,0.9425027108812363,0.18327849816140895,947,5.853447758495808,0.1354751306367331,0.029878618113912233,4.535060975609756,3.328672284715371e-05,1.4755684370335349e-09,11.881442895612967,191.39654281617175,4,34.21490925976556,-58.78509074023444,-61.14917228609191,2.3640815458574735,0.6201030646575549,0.000828587937901637,0.15269662371252024,0.13312821135973107,0.009735171610950277,2.711357410375001,0.20707983251895484,306.06650258337027,-0.4285403451792885,0.4000304623871093,0.004667038366385696,0.0018669575156836495,10.645702073680063,0.009342153174886835,2.3024393694890866,0.009478747518405939,0.1369840446124826,0.14081996434937608,0.131936448119846,0.13501288472706155,697.4765625,6.603045183376256,0.0029795931329849013,0.04476795428053931,0.06015825594729397,0.5342563325801234,0.3157741967433107,1.4717842862245034,4.781969011917351,31549.10984485205,0.8488834734829518,0.4708709839958996,1.2478294519688806,1.0003810975609757,0.08820442557104143
2019-06-16 03:15:00,/media/haupert/data/mes_projets_data/nROI/dataset/_02_dataset_for_publication/dB@risoux/audio/S4A03536_20190616_031500.wav,0,0.9999092970521541,4208.915094339623,-3.1891384657532015e-20,4.488511517898883e-06,0.02559802671782654,3.1730258212664753,90.36463550002824,-48.45928654419957,1.3085077805214382,0.0037760320584094634,0.9605604145708568,0.15637700793497195,808,5.4657183085304855,0.11592800464486162,0.030908339632149156,3.7514291158536586,2.955223547084858e-05,7.443256106706446e-10,10.108711686710068,154.30075179911432,2,32.181572700536904,-60.81842729946309,-63.15077825206651,2.33235095260342,0.7243508434551965,0.000404579271242711,0.07571801779974718,0.06766650720693279,0.00881111164373849,3.126194990824611,0.23703491180907263,302.3862826290365,-0.2932781519809364,0.546457733733896,0.002607235062592477,0.0014247437636158375,10.621239185486854,0.005622404955900587,2.3025413835158437,0.00513546125527693,0.13674928542598494,0.13540819136228033,0.12895309210602834,0.13160153225416182,679.853515625,6.26810663735172,0.0026707075106465346,0.04571672311060066,0.053676668002783146,0.5251883232514463,0.325994970565701,1.9080136143746034,5.471838895174501,41098.938815804104,0.9147643019404483,0.5772353754093325,1.231008754947307,4.001524390243903,0.0863140606852497
2019-06-16 06:15:00,/media/haupert/data/mes_projets_data/nROI/dataset/_02_dataset_for_publication/dB@risoux/audio/S4A03536_20190616_061500.wav,0,0.9999092970521541,6598.881871371553,3.094639257531146e-18,9.904313552188608e-05,-0.035176942711829445,29.47313976944495,103.90283720391182,-38.913749700225935,6.551158078604303,0.011332155231352177,0.8404571215911927,0.30598025933810724,1581,11.150133635170974,0.2895297077607896,0.10590564681157015,2.734375,0.00020755529210848673,1.408896234611154e-07,3.0231412666058723,14.516133258104661,18,52.74014190193081,-40.25985809806919,-55.20378392936489,14.9439258312957,0.6772771481843227,0.18290473537319485,0.3905996306225997,0.26236487991502766,0.13315387891433728,6.482786582748468,1.939011739065379,314.4092174014318,0.18041171646291818,1.4402496231017816,0.3085374958394503,0.44437101209553576,62.32491496922877,0.8323449029997839,1.7773513612587981,0.5449541468931777,0.15162972298415991,0.23446910175748056,0.1299284360102951,0.16951922727932636,875.736328125,19.9153150488618,0.04486554212640341,0.06929810797135703,0.47410047296632984,0.558270745457149,0.33288683736885766,3.307733953574397,5.211619335740299,9349.226332093947,0.9735506788527905,0.13938599575547966,1.6599287825692821,156.0594512195122,6.35718368902439
2019-06-16 08:30:00,/media/haupert/data/mes_projets_data/nROI/dataset/_02_dataset_for_publication/dB@risoux/audio/S4A03536_20190616_083000.wav,0,0.9999092970521541,4395.765375544267,2.7043894189587147e-18,9.869255679865414e-06,0.06333055501335554,4.980577433704395,93.83562334926582,-44.069692278614156,1.9998614340453642,0.006259150382799977,0.9413390845046494,0.204567447261467,1057,6.267827958240888,0.16992452099864527,0.0579179550608122,2.9344512195121952,5.9882582587800105e-05,8.450705827815827e-09,3.563485673103655,22.202175208078117,9,40.897748545811936,-52.102251454188064,-58.29606311395099,6.193811659762929,0.6827843472932044,0.089500048796059,0.3648541648809359,0.2497650561124739,0.1394563260649695,8.44523508101023,2.482962533271805,302.7519585216004,-0.13099305754543245,0.7683574506996116,0.02443450474458181,0.01877443377465444,29.05057876505315,0.043395964271541285,2.2831878482741645,0.10942884892669724,0.1562342979052891,0.17575115781715497,0.1277426354888932,0.14742691093205576,761.607421875,11.427707909707179,0.021654885912698412,0.05534140146093106,0.24988312919742256,0.531916601569026,0.33233043852568395,2.9031261822758743,5.242455392111646,16354.658432096972,0.9671208174325832,0.24972569897267524,1.3350209891309197,125.04763719512195,3.0256802289005034
2019-06-16 18:30:00,/media/haupert/data/mes_projets_data/nROI/dataset/_02_dataset_for_publication/dB@risoux/audio/S4A03536_20190616_183000.wav,0,0.9999092970521541,3599.7098376269955,2.9031231001930193e-18,1.7088625863101785e-05,-0.005168662852697305,3.6631408352465495,96.15044850811387,-41.01827302843073,1.09186947419051,0.00889377930802196,0.972754667155395,0.1557964002322431,805,4.9281955703715195,0.12037933036578286,0.04324195147120725,2.7843940548780486,7.473124712043913e-05,1.516801827852078e-08,5.279363684549175,42.54333074156911,15,43.263461923678,-49.73653807632199,-54.166962989798705,4.430424913476713,0.6219736218905302,0.07150432087034819,0.25568578015528654,0.22117514260016513,0.08734280189329702,8.977616388058504,2.444589657077157,303.8215635359093,-0.4557513729828818,0.3738609745577193,0.04430544310143194,0.016564076136112927,33.07649612364194,0.07516751503593469,2.2936138383927442,0.0731910570903258,0.15062890750488053,0.19542318035861794,0.1328486522142965,0.15642088898567558,808.0703125,12.63171474194722,0.03712033911633759,0.06505439423679057,0.40068590398679516,0.5423113293006252,0.3308651069672894,2.452821584018866,4.848700075492689,14657.550100377188,0.9399088060140903,0.25253456048466705,1.4117974812944087,96.03658536585365,4.703303450445219
2019-06-17 01:30:00,/media/haupert/data/mes_projets_data/nROI/dataset/_02_dataset_for_publication/dB@risoux/audio/S4A03536_20190617_013000.wav,0,0.9999092970521541,2836.6572931785195,2.507334231653754e-18,1.0283737814003325e-05,0.009073394172800201,3.299603328344342,93.95778510383013,-43.102042784756705,0.5759827061867213,0.006996774235150063,0.9823943727564942,0.10025159667118251,518,4.165770215170482,0.050899941939229726,0.027758400329828903,1.834032012195122,4.4104578514657365e-05,1.0169085026344763e-08,6.8698182584296426,58.5127022110932,2,40.92568244929965,-52.07431755070034,-55.30080117667321,3.226483625972868,0.48600935553846736,1.467149803080492e-05,0.000693811828415547,0.0005255927301688335,0.007859632895099722,3.3431892055887213,0.39449659354854,296.05384492090604,-0.9225060769499465,0.040308805251215385,0.02805577737268197,0.0011308948662868928,12.826022198286696,0.0385297308374981,2.294099835279379,0.07265465375551176,0.14409271752291988,0.12578749164115016,0.1256781298652962,0.12752061253871466,658.771484375,5.447495299840578,0.0019826146922183505,0.04093302909175925,0.03911752322290204,0.5177488513574944,0.3283355818214607,2.100077438324853,3.979898735178792,8472.199523881478,0.9014912201855666,0.09554182112259552,1.2009812371803952,0.0,0.0016635210994967093
2019-06-17 03:15:00,/media/haupert/data/mes_projets_data/nROI/dataset/_02_dataset_for_publication/dB@risoux/audio/S4A03536_20190617_031500.wav,0,0.9999092970521541,2298.991858671988,1.2504779773611237e-18,1.8405839161981152e-05,0.05174912305477513,4.151742833735628,96.48571420686979,-42.468939387478315,1.439090418534363,0.007525806203232219,0.9639349433900375,0.21056706018966517,1088,5.1663367159857625,0.1571511515386104,0.03740992693373646,4.201600609756097,4.633672308042319e-05,2.0816414984684644e-08,9.711751017317743,110.11515859106647,3,43.70308173399465,-49.29691826600535,-55.531539382328525,6.234621116323176,0.35787935950484406,3.746420554262553e-05,0.11771222952692728,0.10909911383335713,0.007929037975893838,3.2998414179556703,0.14129213075930436,296.11500697246885,-0.9612594103922596,0.01975291458257031,0.05411023283793211,0.001068834807290664,11.85078977874109,0.07128627734782733,2.1827475058731967,0.2644080171010275,0.15549295310582287,0.1253941340024554,0.12551861876681306,0.1283134315718157,662.8671875,5.742247554994666,0.003670710535230352,0.03947994108144864,0.05781315880154133,0.5225103723089164,0.31568199281077153,1.4691656297660043,3.123498531491596,4436.348212269729,0.8026192633582797,0.049718106841649005,1.2054155532544828,0.0,0.015765643147502905
2019-06-17 08:30:00,/media/haupert/data/mes_projets_data/nROI/dataset/_02_dataset_for_publication/dB@risoux/audio/S4A03536_20190617_083000.wav,0,0.9999092970521541,1231.861733490566,7.74121400213356e-19,0.0011098257760097506,0.06112927649894137,8.193250493465353,114.34748273169515,-29.031123892385313,3.445704281067229,0.03535442720246188,0.9123259093739663,0.2655312560479969,1372,7.85734733785961,0.2438552351461196,0.05499462943071965,4.435022865853658,0.00019787857425123613,4.732093658461654e-07,11.007629402888236,145.5573444755969,12,57.18849667004023,-35.811503329959756,-42.42598732337857,6.6144839934188155,0.33014279037242,0.1484821256175729,0.5859554879523932,0.406431877546959,0.13746322048650716,5.042495267947792,1.7113797471734433,308.77678954529677,-0.8244496399676086,0.0962209951903678,1.2060758990879743,0.1160498232853625,47.14058426602056,1.3410710169516888,1.5817266934320722,0.6219225316385689,0.15130435498883862,0.221309218439778,0.12712536076924227,0.16362431341947348,845.283203125,16.044418285001317,0.040983110723964385,0.06099872071388728,0.45543740818138156,0.5540694339299784,0.3006061621054242,1.1604686665182473,2.9067146315886894,2544.1665574699928,0.7360754867483835,0.07448475176843578,1.5037379713102437,162.06173780487805,5.66678462543554
2019-06-17 21:15:00,/media/haupert/data/mes_projets_data/nROI/dataset/_02_dataset_for_publication/dB@risoux/audio/S4A03536_20190617_211500.wav,0,0.9999092970521541,1160.0885567851958,-1.07708955445991e-18,8.714514919542916e-05,0.00291299805242451,4.04640930265832,103.31371083940934,-35.374816637394815,1.1551315524942538,0.01703174585989263,0.9677059420640342,0.17127927230501258,885,5.036990245021837,0.11612154054577123,0.037053119119988424,3.13452743902439,8.622324993697631e-05,1.6186335082304714e-07,9.277345481934294,94.40034186013287,4,52.37921274637734,-40.620787253622666,-44.55621407465995,3.9354268210372823,0.31822399819912806,0.012647829222635742,0.38571020876957773,0.3141777986725991,0.11687465996996138,13.15267959786718,3.1995159001431457,296.6434589434142,-0.9800793460911956,0.010060533153951194,0.4054219756592398,0.004078761227460176,20.487862537392395,0.4489920746357861,1.4273055591704573,0.6804871202772066,0.18216901013994946,0.14888483109430023,0.1261425397822341,0.13939928740805263,720.13671875,7.12045397621874,0.012426502613240418,0.04660670160714042,0.17926964847531462,0.5268139049850316,0.31996227364825036,1.6080251719601961,2.8861508697900904,1274.5963745118554,0.8171240354912069,0.011376452568525037,1.2369155014193063,80.03048780487805,1.3517243152342238
2019-06-18 04:00:00,/media/haupert/data/mes_projets_data/nROI/dataset/_02_dataset_for_publication/dB@risoux/audio/S4A03536_20190618_040000.wav,0,0.9999092970521541,3872.867947206096,-1.5873517089804224e-18,4.717685690272178e-06,0.016732541033359548,3.0530524427161576,90.5957511934104,-47.80388106940806,0.7686466293454828,0.004071982909240872,0.98071187679975,0.1207664021676021,624,4.36019697523271,0.0826398296884072,0.027389283521880206,3.0178163109756095,2.9478110523950365e-05,1.5778530046575722e-09,9.222527462286616,114.65928050716361,3,33.97870563572716,-59.02129436427283,-61.241732815278795,2.220438451005961,0.5874236410409851,1.3266518261279003e-05,0.0006520054322554092,0.0005035815657926657,0.008176214206154109,3.230210878598924,0.1495618528150676,296.37317591712804,-0.6478520227884255,0.21370121366582698,0.004853585183584714,0.001037217044362529,10.78928476470105,0.008269440541300008,2.3018105500523047,0.02091008328022941,0.13426166176555382,0.1256197970688645,0.12561499005547996,0.126392064701897,652.94140625,5.407239399736245,0.001750477884243128,0.04107488568634665,0.03501360321783488,0.52359988033937,0.3230249719847066,1.7380938214873458,4.599416144434697,25190.964229881207,0.8819341102105395,0.3836115128794418,1.1984698052977558,0.0,0.0026087035423925666
2019-06-18 22:15:00,/media/haupert/data/mes_projets_data/nROI/dataset/_02_dataset_for_publication/dB@risoux/audio/S4A03536_20190618_221500.wav,0,0.9999092970521541,1515.1540956095791,-1.8651424542868196e-18,3.814575100820982e-05,-0.01971378282167614,3.5216860352662525,99.72053673028756,-39.491213124717575,1.015899645546753,0.010603258364086397,0.9710699624194127,0.16682794658409134,862,4.741619759264271,0.10683181730210954,0.032204560216046216,3.3179306402439024,5.4239241619876844e-05,4.5669277291703426e-08,10.736645049167096,127.39822660864614,7,46.96006058447079,-46.039939415529204,-49.4751522270521,3.435212811522895,0.29398262141160186,0.019522851112407147,0.38347328920989343,0.32839511792163734,0.03019178422991764,16.961919913881946,3.2684248539165393,297.4262763384729,-0.9637681549102026,0.01845016429215611,0.11529655927616457,0.002127240460965552,14.203093040488167,0.15088721931040658,2.064873510775509,0.36699210116656733,0.15821121737053234,0.1371306837590912,0.12487392807711034,0.13243140243902438,684.140625,8.210502485728735,0.008997002637437088,0.054265013156962826,0.1140303487122232,0.5229525432891228,0.30979135930572976,1.3251790167804818,2.7005675942872145,2550.635559478164,0.7613829990806499,0.030371135654489814,1.2371839694356512,45.0171493902439,0.9793602400309718
2019-06-19 04:45:00,/media/haupert/data/mes_projets_data/nROI/dataset/_02_dataset_for_publication/dB@risoux/audio/S4A03536_20190619_044500.wav,0,0.9999092970521541,3764.491450471698,2.398903523818145e-18,0.0005132610974262347,0.23976343343974046,8.873497376417628,111.04387855426103,-29.59365766744499,3.176540353956799,0.03313729977573124,0.9279262297173709,0.30094832591445714,1555,7.131572066445015,0.2794658409134894,0.06927606304229682,4.0348704268292686,0.0003350833824985835,4.6463338158349244e-07,3.331077052767882,16.09604781206706,12,57.703812309253394,-35.2961876907466,-46.15168906576037,10.855501375013773,0.643031207031768,0.13397374151567298,0.26474991160611994,0.2046867536286071,0.1509223016409429,12.549048500158637,2.8239964890793408,314.1182894444255,-0.11533776524817335,0.7931787681868557,1.3185991173990104,1.0458848236708223,70.08348790428381,1.9532318379274187,1.9922095636839168,0.41605283889087624,0.1986968805858271,0.2984714950281665,0.13395858360790844,0.1986724345480062,1026.341796875,18.206393395231196,0.08047963850174215,0.0689564373484272,0.8006552505123881,0.5707976628390236,0.3327498289857255,3.173923183342099,4.9958611134157085,6827.5823213595395,0.9694558258653035,0.17094842019313056,1.8632337271156016,120.04573170731707,9.807137412891986
2019-06-19 13:15:00,/media/haupert/data/mes_projets_data/nROI/dataset/_02_dataset_for_publication/dB@risoux/audio/S4A03536_20190619_131500.wav,0,0.9999092970521541,645.9419221698113,-2.379432994237757e-18,0.0076623242080413965,-0.33056774255579247,12.743604305283888,122.69214910477194,-26.174302609812642,7.895464794521374,0.04912299860717596,0.8385562955997534,0.3572672730791562,1846,12.07210976155881,0.34236500870911557,0.08968580736515859,3.81812118902439,0.00027356765428975996,2.5705522456020912e-06,14.149756517009571,226.12968683504405,11,64.31759915902859,-28.682400840971404,-40.24068605911238,11.558285218140973,0.20225342380088057,0.19807323681591993,0.6030105323605105,0.4747788105368659,0.03837351720863014,13.920607109865024,3.031557087283645,301.9046901674984,-0.973323929013096,0.013518343640744914,6.349036518434656,0.08582845744383837,29.48358184365402,7.462487126378759,0.4940007755072908,0.8617804159213559,0.1670661691419346,0.16153749008842264,0.1351881483253827,0.14680762739547037,758.408203125,13.411271848294806,0.015182654616724738,0.055816832392970236,0.21174272978525077,0.5320776974392819,0.2527110716987885,0.7096840899987937,1.984621435735094,596.9745774703931,0.5656920395870113,0.010620157527624963,1.3076908064454966,79.03010670731707,1.0213263404955477
2019-06-19 17:00:00,/media/haupert/data/mes_projets_data/nROI/dataset/_02_dataset_for_publication/dB@risoux/audio/S4A03536_20190619_170000.wav,1,0.9999092970521541,1421.362255079826,-2.5479537847438733e-18,0.006619005141685627,-0.8255997631951153,34.4608418346066,122.16060450110237,-26.699130085750795,8.073379701749218,0.046242733237013244,0.7956596655187449,0.3603638474937101,1862,12.187535597162784,0.34971937294368105,0.09990109059496814,3.5013338414634148,0.00035093992705843564,1.9768351738548094e-06,11.848870851392926,178.2582091802362,4,63.31488016160924,-29.685119838390776,-39.34366023326082,9.658540394870045,0.31029220339301494,0.0037351140848715936,0.060741024557263046,0.04843869698119474,0.02532227803961795,7.7875536276142645,1.9265733332358277,298.7665341344774,-0.9724975002511319,0.013942983322091202,5.033101602208536,0.07017645169798412,38.19861743384288,6.481126263687734,0.9089399969558235,0.8013134088486037,0.20338794573356073,0.20322718887998664,0.1494087289125497,0.1718277408778552,887.662109375,8.30961715495134,0.03420917719221835,0.05714299028846147,0.5238360749325008,0.5218437010997163,0.27907773780165884,0.9077184298856863,2.7332279376804554,1506.8703698829665,0.6709933441990326,0.0214673409704104,1.3060424836109414,2.0007621951219514,0.30049240224545104
2019-06-20 11:45:00,/media/haupert/data/mes_projets_data/nROI/dataset/_02_dataset_for_publication/dB@risoux/audio/S4A03536_20190620_114500.wav,0,0.9999092970521541,1497.4691582002902,-9.527131542955352e-19,0.00028294510044700835,0.04343347574507559,9.165353213501616,108.45284576425668,-33.16875105214885,2.1584753233886964,0.0219564663942851,0.93728373987647,0.21869556802786916,1130,6.442061335244053,0.17205341590865106,0.03880176632056331,4.435022865853658,0.00011954194557389135,1.635151442446728e-07,9.835114065645431,117.33637717644889,12,52.592149587398005,-40.407850412601995,-44.84641510159631,4.438564688994312,0.3554647710702967,0.11170861393803588,0.31467960370461456,0.22603458682909527,0.08819704816815599,6.207403526366616,1.911711983455989,305.89407021543786,-0.8448158464143195,0.08411904846074714,0.4162617920905785,0.03501554586122482,38.46146994926568,0.6080591489251407,1.7091595191694084,0.577440750560881,0.16036935445342293,0.210358348808851,0.12617410968714224,0.159845852085753,825.763671875,13.741791704205628,0.0375059735530391,0.060408410398985465,0.38374909126747037,0.5540142268693027,0.31070918809672055,1.3450626405194648,3.096806718287639,2928.7362857419535,0.7865113139519522,0.07101321737421895,1.4516173216494273,107.0407774390244,5.07631024970964
2019-06-20 14:30:00,/media/haupert/data/mes_projets_data/nROI/dataset/_02_dataset_for_publication/dB@risoux/audio/S4A03536_20190620_143000.wav,0,0.9999092970521541,981.5056921262699,1.272298398442593e-19,0.0007195099329927862,-0.27547837626474286,13.247072880335361,112.50868803131291,-30.673676590570047,3.3068600207771652,0.0292628196338899,0.9074532113843177,0.22546932455970584,1165,8.083479345597116,0.19953551383781692,0.05465701653568581,3.651391006097561,0.00014512887151576828,3.251575276095303e-07,9.362595402078588,106.06143168451472,5,55.4862200884711,-37.513779911528914,-42.15198061257262,4.638200701043708,0.35038442365483746,0.017963012432543057,0.4630603037013813,0.32757031715954443,0.09801763455113843,17.847474291028963,3.3456553078176547,299.7722363912486,-0.9786571752907899,0.010786519754779391,0.8273712509694552,0.008924456343118566,30.384461778622995,1.1038169904248154,0.9982923342861957,0.7892290451745424,0.16674903831105184,0.18833963740706924,0.12817381392698046,0.1533032992160279,791.96484375,7.907092753950802,0.020214427869725125,0.05054526845580337,0.3095853940330424,0.5342549462103372,0.3140410474249162,1.4247188340832342,3.0744793695482246,1793.7574036113308,0.8005783510031454,0.014896780619378684,1.2767394927092957,110.04192073170732,1.9857148906310491
2019-06-20 18:30:00,/media/haupert/data/mes_projets_data/nROI/dataset/_02_dataset_for_publication/dB@risoux/audio/S4A03536_20190620_183000.wav,0,0.9999092970521541,2159.595881712627,-2.7393020926890657e-19,7.436106245876302e-05,0.5603034750393923,146.45913137008478,98.4354261905186,-40.76405041379806,4.775973569671109,0.009157933367584775,0.7382797014340321,0.1528933617185988,790,11.55502674961404,0.1250241919876137,0.04545482031196317,2.751048018292683,6.956069272862687e-05,5.1222825161558156e-08,8.735089712653078,91.75590453218554,5,47.579347919248335,-45.42065208075166,-53.38396027046048,7.963308189708819,0.3833628601387948,0.007150557423876602,0.31253996741708534,0.24913271700290074,0.05126863211868782,8.000331958821718,2.197898203850639,297.7811655484485,-0.9627256043364986,0.01899113945482051,0.13327844975690153,0.0025311096256556056,19.05568192876093,0.14271599321674422,0.5155686550043501,0.8593740754306296,0.1392739763263894,0.1445734243438691,0.12485814312465628,0.13345598020712351,689.43359375,7.4997256855369345,0.009397381920247772,0.04870493387242677,0.13764417413820484,0.5242031610548211,0.3199877302350253,1.608978007824665,3.2999561135771245,3457.4146719654746,0.8322673882251482,0.031118821072480856,1.2339800043939217,61.02324695121951,1.2878677893921795
2019-06-20 21:45:00,/media/haupert/data/mes_projets_data/nROI/dataset/_02_dataset_for_publication/dB@risoux/audio/S4A03536_20190620_214500.wav,0,0.9999092970521541,3118.2328329100146,8.238048205219322e-19,4.894066432284253e-05,-0.02519800385739565,4.870995502407537,100.74598759210429,-37.60416026684319,1.470629285836118,0.01317625486395125,0.9601607953934413,0.19218114960325142,993,5.427600985108559,0.14457131797948522,0.04210025757875966,3.434641768292683,0.00010742877153974759,6.547891852253928e-08,9.257356161787257,109.47415736096292,12,48.95872682891924,-44.041273171080746,-48.91203862570655,4.870765454625804,0.4410064162501627,0.13899664800056077,0.522041162056198,0.41075477772769275,0.14094143872814346,5.6545661301924,1.7112735491756157,306.99917446657616,-0.5889002186658333,0.25873228318853075,0.16624205462287586,0.043012186354529115,48.46012931795661,0.2521034590299166,2.0684242905230157,0.3590145543164466,0.16146077874152603,0.2322300686719625,0.12785562251698543,0.16868671058362372,871.435546875,15.242001958876166,0.04687537807297716,0.06314501873113532,0.5224029600100966,0.5442998208489178,0.31713644136044833,1.5121618100037741,3.652739484189609,6837.482870061159,0.8223231458310962,0.2070387680670495,1.505510448374419,174.06631097560975,6.703725379887728
2019-06-21 09:00:00,/media/haupert/data/mes_projets_data/nROI/dataset/_02_dataset_for_publication/dB@risoux/audio/S4A03536_20190621_090000.wav,0,0.9999092970521541,2374.265352866473,1.6382100750395392e-19,0.00035634139835671094,0.03268257530198267,4.698659053896477,109.42570190616561,-28.610668749745738,1.6043941033104971,0.03710791580216805,0.9594590425329175,0.1974066189278111,1020,5.617721299022343,0.15250628991677959,0.04945222773794202,3.0845083841463414,0.00030965129754393424,5.730019289198914e-07,5.26750233567031,37.469081961065974,20,58.34621972948031,-34.65378027051969,-39.547439796328476,4.893659525808786,0.5451671294896931,0.17843155013384526,0.3129244157667094,0.22931798794133285,0.14334586506177283,8.19938730318675,2.2531690480172206,308.99315324598774,-0.5682551225710664,0.27530270503507875,1.4963733439409577,0.41195562932933194,58.621523719544165,2.260353050270174,1.7903389751036063,0.5418461903859573,0.190323802934078,0.2369834851900849,0.13382150375764945,0.17586707256581494,908.529296875,21.66337981214433,0.05570754089237321,0.0791007673514492,0.5325650476416913,0.5563746527852677,0.3308843833367781,2.4567418152277893,4.36592003210109,4728.905196720919,0.9325915352217419,0.18254650327843067,1.8342888525032157,171.06516768292684,6.64905602739063
2019-06-21 12:30:00,/media/haupert/data/mes_projets_data/nROI/dataset/_02_dataset_for_publication/dB@risoux/audio/S4A03536_20190621_123000.wav,0,0.9999092970521541,1771.0439722423803,-4.129095066185724e-19,0.00011462271910778077,-0.03354031458299769,5.024984110082773,104.25494725398102,-34.27068667715718,1.6704700308438873,0.019340409538165695,0.9553750852917925,0.2003096574414554,1035,5.724243450539811,0.14824850009676796,0.04781313242142735,3.1011814024390243,0.0001231973762504583,1.606476570458595e-07,7.544474665652114,64.07360816059308,14,52.54351205955742,-40.45648794044258,-45.42051361617168,4.964025675729104,0.4076138527554606,0.10453187107809003,0.299703663980851,0.22405335939563187,0.08622848532689387,6.646813040565744,2.01616017108735,304.05509103143356,-0.8953742727792838,0.05520056314117743,0.41241045703469736,0.022765289473625654,35.61798313118032,0.5214169185452815,1.8786097606402485,0.47967470387718497,0.17109002397014855,0.19984431318721135,0.12599549048831998,0.15699442569202476,811.033203125,14.38870528397657,0.03802090894792877,0.06477959561675717,0.3839119452359254,0.545376542457032,0.32728204321752113,2.004435749360586,3.47937537725053,3118.3934327131487,0.8796997194870977,0.05627633608089176,1.4585534239206936,90.0342987804878,4.6569138961478895
2019-06-21 15:30:00,/media/haupert/data/mes_projets_data/nROI/dataset/_02_dataset_for_publication/dB@risoux/audio/S4A03536_20190621_153000.wav,0,0.9999092970521541,1502.202920899855,-1.7268345545088913e-18,0.0003020767368648259,0.04710455812310506,6.725867574435725,108.72753884605649,-33.24161924458548,2.5163503457973064,0.021773038362614704,0.9363931380268949,0.2448229146506677,1265,6.6766418947042885,0.21424424230694794,0.04707782013904463,4.551733993902439,0.00013343345411637598,1.228087929516455e-07,9.591686044601827,114.37404768769714,16,51.572962987100375,-41.42703701289961,-46.008821433813196,4.581784420913586,0.40573320927094675,0.12420016668672318,0.4206423181936777,0.2952530962897203,0.06837856358697825,13.71491201541748,2.6887606080882245,319.99328996048456,-0.7854683370918923,0.12015428022517001,0.3115221468995151,0.03743071933491091,31.906336535975598,0.43737709305847394,1.9055504872809068,0.48528956627912834,0.1667490383110518,0.19669641692597217,0.14137335732646106,0.16247194698509485,839.330078125,15.449081954166328,0.028747534964188925,0.06469020031636263,0.33573974136692275,0.5477052851667861,0.314044051342025,1.424796692948968,3.422816360181135,5673.154698975566,0.8068862080015005,0.1290211300773268,1.4834808906043346,73.02782012195122,3.0828070557491287
2019-06-21 22:45:00,/media/haupert/data/mes_projets_data/nROI/dataset/_02_dataset_for_publication/dB@risoux/audio/S4A03536_20190621_224500.wav,0,0.9999092970521541,1180.873775399129,-1.0191815138975493e-18,7.146990871803963e-05,-0.009917800986655777,4.110596640674719,102.46347273436851,-36.82775706125045,1.423820637669074,0.014408280241587454,0.9606182659421382,0.21443777820785756,1108,5.216075129938131,0.15405457712405654,0.04162856734285306,3.7014100609756095,6.993466003477205e-05,1.291834256610014e-07,9.674801963894938,102.14130657084105,2,51.36615441951566,-41.63384558048435,-45.59710586748486,3.963260287000516,0.2992105715435153,1.5450780109338424e-05,0.00077820603780554,0.0006025633866927338,0.008151022012455211,3.1455057756720706,0.3447930972898051,295.833907422495,-0.9935652189870227,0.0032277755208062874,0.32091192476561253,0.0010358316550932731,11.296033073551415,0.39753562776664314,1.513166315113781,0.6050955815473167,0.19124636535119158,0.12490036665072532,0.12565736019101453,0.13149453760162602,679.30078125,6.4528890596048925,0.007456355255516842,0.039953243459628585,0.09357589027426945,0.5198252426869775,0.3175737369571798,1.5258467584312037,2.7580662099694555,1014.9251842276382,0.8011148271164423,0.008289320698212442,1.2166432757567192,9.003429878048781,0.1992822662601626
2019-06-22 02:00:00,/media/haupert/data/mes_projets_data/nROI/dataset/_02_dataset_for_publication/dB@risoux/audio/S4A03536_20190622_020000.wav,0,0.9999092970521541,4230.400376451379,1.5173585121267864e-18,4.044519442281983e-06,0.001798355649438086,3.0839899164815074,89.95264367738469,-48.9863256134209,0.8685915623112805,0.0035537241966642485,0.9779464370387597,0.14011999225856397,724,4.493333723127125,0.11205728662666925,0.029613113968054182,3.7847751524390243,2.693375446297988e-05,9.097713669599711e-10,11.801426119921889,182.7209167557263,1,32.2284044009608,-60.771595599039195,-62.860479346796225,2.0888837477570306,0.6260228053696912,1.5329668037855626e-05,0.008664757838546588,0.008152603661778834,0.009132240726608898,3.706600904042556,0.41757720259406006,296.3021423004451,-0.4722094684501268,0.35850233466132125,0.0029051564641781836,0.001041505374964308,10.79475350764929,0.005539016859203949,2.302505304306976,0.006807457616183577,0.1313333498076622,0.1254106964293478,0.12575123911876762,0.12615236643437863,651.703125,5.409867703409457,0.0015130480545876889,0.037747393110600456,0.02993255940203745,0.5185342779239824,0.3183795351613735,1.5520888322098063,4.8267235419303365,33431.62293785779,0.8610346574848808,0.5181869370954758,1.1990448315704167,0.0,0.008393220092915215
2019-06-22 19:00:00,/media/haupert/data/mes_projets_data/nROI/dataset/_02_dataset_for_publication/dB@risoux/audio/S4A03536_20190622_190000.wav,0,0.9999092970521541,1115.1011429608127,3.5248372516219595e-18,0.00011399412385793829,0.0009729173381503006,3.822812882295637,104.48715965959879,-34.171732338136344,1.1851442470593412,0.019562005789082695,0.9677873466845072,0.1890845751886975,977,4.900805956461169,0.1314108767176311,0.045305601167670136,2.901105182926829,9.69292907606563e-05,2.0235883439353159e-07,9.13584371664926,96.95916323014048,12,53.35101833617122,-39.64898166382878,-43.626092806803186,3.977111142974408,0.3303275159666205,0.03654585521618303,0.4559573073494857,0.32086975646062177,0.08988068619078082,11.096347330997691,2.6497300335892975,295.9901814160445,-0.9835760773444284,0.00827995600630537,0.5065498019454241,0.004194210075110809,21.61382579147865,0.5797686568959745,1.5253956826879207,0.6384110149305158,0.17155542376092456,0.15841650777088367,0.12545797131791062,0.14164655318428182,731.74609375,8.974861509425482,0.018471511445025166,0.05431068683406043,0.23353259076453595,0.5286208592293301,0.3171568454956963,1.5127920851887922,2.957589586401828,1220.0205987952793,0.812878152616623,0.010974499905580016,1.2631348711622867,106.04039634146342,2.123371261614402
2019-06-23 10:45:00,/media/haupert/data/mes_projets_data/nROI/dataset/_02_dataset_for_publication/dB@risoux/audio/S4A03536_20190623_104500.wav,0,0.9999092970521541,1232.7118105950653,2.709424900746746e-18,0.0003877448052334742,0.9334730716846606,36.92876384478848,109.83377865192979,-36.343520075221406,5.466714098160367,0.015234352357732427,0.8169191328699354,0.23185600928972325,1198,10.895123655798507,0.2035997677569189,0.06076465743843142,3.351276676829268,8.029097245533084e-05,1.25789256481745e-07,11.767282585643807,161.57380136925724,4,51.30619325654381,-41.69380674345618,-47.24743260341718,5.553625859961002,0.27122529359564884,0.017058442840954036,0.4357582803514932,0.39037518032696494,0.09530519695871664,10.704937362541045,2.837863019419367,296.74089529521063,-0.9737818270362109,0.01328321732658662,0.3159286371331399,0.004196548746731821,20.23519666359712,0.4338983895569732,0.5623683231068926,0.8483406392889258,0.14068665002759453,0.15252649470726945,0.12620817195296416,0.13691345758323653,707.294921875,7.500407921666867,0.012216294037940379,0.048890336994290705,0.16392880464684928,0.5241392361770958,0.2901207348428479,1.0215054529280143,2.5109249689422644,1707.828465572431,0.6956595538208772,0.017211238945568832,1.2390560879757622,79.03010670731707,1.4980385573945025
2019-06-23 15:15:00,/media/haupert/data/mes_projets_data/nROI/dataset/_02_dataset_for_publication/dB@risoux/audio/S4A03536_20190623_151500.wav,0,0.9999092970521541,880.2965121552975,-5.599455748290884e-19,0.0008492432247897221,0.3248503673975399,18.572980633227402,113.2377714627626,-32.828098587018346,5.214056149916107,0.022834687401375217,0.8561081385425271,0.27830462550803176,1438,9.92620326916662,0.24966131217340815,0.05896405806417055,4.234946646341463,0.00010854118562125912,2.908694195227553e-07,12.404645788680046,175.9779086014021,12,54.90211512402712,-38.097884875972866,-43.46423535089019,5.366350474917326,0.24545203931199133,0.03395912641463594,0.3751649422001361,0.30436917613454206,0.10784305617039347,35.91963608943543,4.795413532575372,301.1751833491368,-0.9826694626541601,0.008741011889414944,0.7230650409731805,0.006320320119966875,23.503943593021063,0.9460601081531116,0.5711491697160023,0.8322926329577467,0.1449658569534024,0.16002616863449,0.12671578279240794,0.14042424324912892,725.431640625,9.482973194853708,0.014432935903019745,0.05280859754473162,0.19754186373597077,0.5341186017937362,0.283054996085817,0.9457843384986331,2.3293133065689573,1194.9867364706856,0.6647300003875252,0.012020589893842581,1.2791111095821528,118.04496951219512,2.0406488942121563
2019-06-23 20:00:00,/media/haupert/data/mes_projets_data/nROI/dataset/_02_dataset_for_publication/dB@risoux/audio/S4A03536_20190623_200000.wav,0,0.9999092970521541,4059.9349147314947,2.585552048761174e-18,3.4218239186671103e-05,-0.06122883796748964,17.88576002628795,99.23140499166644,-41.197151127042126,4.7932219390907065,0.00871249302954967,0.8704674136145926,0.23379136829881944,1208,10.010829633975487,0.20379330365782855,0.11869229245096097,1.7173208841463414,0.0001151428911701239,4.0698173723485414e-08,2.9421138409922385,12.68656402915202,10,47.4131018275655,-45.58689817243451,-54.850294025489966,9.263395853055457,0.678231057785579,0.2418827099542724,0.42229370325952875,0.3274035445450546,0.1174173839863557,7.415770159966544,2.2498187681630593,303.83077753323846,-0.018134482234764233,0.9643770394752572,0.09826659892552361,0.09476605175109895,42.477897685609065,0.24645875061059808,1.971179973501131,0.4308755299908468,0.15861483842801952,0.21359423296295607,0.12835658706065908,0.16178612260452963,835.787109375,18.80911706101067,0.04505533476093689,0.06997903423713855,0.38052458269206046,0.5405576272102899,0.3330127832615218,3.473429887418426,5.218956166207638,10962.974045316607,0.9761907471089755,0.237043810816671,1.629813357146491,111.0423018292683,5.348069105691057
2019-06-23 22:45:00,/media/haupert/data/mes_projets_data/nROI/dataset/_02_dataset_for_publication/dB@risoux/audio/S4A03536_20190623_224500.wav,0,0.9999092970521541,3624.4454145500727,2.8138272231519297e-18,5.4800251142328505e-06,0.03365758938669939,3.0200938526461316,91.27435890163808,-47.372840210190915,0.8374023117680025,0.004279154720777008,0.9775326327708319,0.13721695374491968,709,4.425297910129434,0.08554286820205148,0.027151375541398216,3.151200457317073,2.9574473734157458e-05,2.870323212019856e-09,11.467229206298729,150.23181800387576,1,35.82718618120463,-57.17281381879537,-59.711729422658664,2.5389156038632947,0.4369529701857924,3.1790457174385445e-05,0.22756430015313944,0.21424750661857916,0.008278344376554725,4.032018672404807,0.4421863687922712,296.6934279003402,-0.7633487993356408,0.13420555295328965,0.007956112557140724,0.0010677544850896822,11.20414784083744,0.012989445393433899,2.302177869160233,0.015426527163883107,0.13238770685579196,0.12557528554659114,0.12579693240218728,0.1263550135501355,652.75,5.501310107653204,0.0014722161730545875,0.03806819584263478,0.029509139084054326,0.5175632137260184,0.3121443827397287,1.3778315714610214,3.6112921757211605,16017.221592116155,0.7967700632079153,0.26921405019319294,1.2015327808438567,0.0,0.007296808459156021
2019-06-24 02:15:00,/media/haupert/data/mes_projets_data/nROI/dataset/_02_dataset_for_publication/dB@risoux/audio/S4A03536_20190624_021500.wav,0,0.9999092970521541,4167.7113570391875,-7.667360269242433e-19,4.273320719984697e-06,-0.08032481260893273,3.1266725031917137,90.19245065372068,-48.444921208463285,0.831846639071955,0.0037822822931600636,0.9770447218201072,0.13295916392490806,687,4.522799069822931,0.09580027095026128,0.028879089324171877,3.3179306402439024,2.8095684048867745e-05,1.2367523151374486e-09,10.294100894263726,137.84240800912278,1,33.15935076771919,-59.84064923228081,-62.10232675224993,2.261677519969119,0.5974797354948975,3.396395536126029e-05,0.2779634464527986,0.2656617104634762,0.009310067367510722,3.0766442757431753,0.28519567888204256,296.57426176766865,-0.5689469248174418,0.2747403805471077,0.0038391384546835475,0.0010547663600127927,10.606992641333248,0.007199146884834326,2.302507955036853,0.006596195236755875,0.13355326562384165,0.12583200316342355,0.12533418405919192,0.1262442381678281,652.177734375,5.462880508096203,0.0014056753290747192,0.036168427205250625,0.027978311780576894,0.5191061769309074,0.3215587312175894,1.6715990707887272,4.656708363858171,28514.846333533424,0.8729091498073767,0.44530923955719,1.2008002784730027,0.0,0.0020415940766550524
2019-06-24 05:15:00,/media/haupert/data/mes_projets_data/nROI/dataset/_02_dataset_for_publication/dB@risoux/audio/S4A03536_20190624_051500.wav,0,0.9999092970521541,6477.5375317489115,1.8632961109645414e-18,0.00012019468090051995,0.019619487943443537,19.96425465092635,104.72271035739949,-35.248209788767156,3.8044568506915226,0.01728182131966128,0.8942360633359699,0.24520998645248693,1267,8.554651746309576,0.22179214244242307,0.07230996746524697,3.0678353658536586,0.00020206064617946367,1.8563915378108406e-07,3.563728929276329,17.466694583996425,12,53.64276150851785,-39.35723849148215,-50.31747684521531,10.96023835373316,0.6233514778983398,0.10927527275879301,0.4022412128481909,0.2623921603496808,0.16400076086316562,5.216156966710226,1.6554349938155322,303.9811005294501,0.02761752661686875,1.056803834649099,0.5146318196237618,0.543864880410835,68.81548120508725,0.9656608905192332,1.8505976990297832,0.5024432275565356,0.16465679854366932,0.23847513876208282,0.12710791424284568,0.17077934451219512,882.24609375,13.433484380345098,0.04428822469028262,0.06007574699377825,0.5078438152302154,0.5564963645888857,0.3327180547990752,3.147411601392855,4.871635355033486,6477.698533460563,0.9665704050545946,0.09622446890222423,1.4532426908911669,244.09298780487805,6.127164089721254
2019-06-24 10:30:00,/media/haupert/data/mes_projets_data/nROI/dataset/_02_dataset_for_publication/dB@risoux/audio/S4A03536_20190624_103000.wav,0,0.9999092970521541,1798.6464758708273,-3.050830565975273e-18,7.30883822095941e-05,0.11290444827831883,7.372108247512465,102.56604837860436,-37.207304152287165,2.159492742166357,0.01379223957578514,0.9356110597653274,0.18947164699051675,979,6.781422562654333,0.13992645635765436,0.052136730468584955,2.684355945121951,0.00010531113858217795,7.008558234062379e-08,7.635317740295148,79.934510795267,10,49.18697705980989,-43.813022940190116,-47.797806936647206,3.9847839964570895,0.4739910170615802,0.2653130079516757,0.4830657472294031,0.3729572270781554,0.056685642858869456,12.15918283690225,2.933659745089203,300.31494524808227,-0.5415626391539002,0.2973848413306883,0.18835019051786925,0.056012491521761465,26.964600587888206,0.2604669596021716,1.7980174669488667,0.5428035199406953,0.14077725883641815,0.163950428656311,0.12739702810884637,0.141790220915602,732.48828125,17.333988946068295,0.01930289392179636,0.059344075095161444,0.19568532849558323,0.5280623562225348,0.3228487814131131,1.7296200310942567,3.8832554578864817,5613.5716372094985,0.8647783208923321,0.16339824324990113,1.3749431736104567,47.01791158536585,2.25335275116144
2019-06-24 13:30:00,/media/haupert/data/mes_projets_data/nROI/dataset/_02_dataset_for_publication/dB@risoux/audio/S4A03536_20190624_133000.wav,0,0.9999092970521541,530.1647541727141,-9.292142392847223e-19,0.0008728370752551311,0.06776176998747455,9.92536285379618,113.35493003465949,-30.66120291852706,3.372321162474641,0.029304873706871147,0.911386904856566,0.27965937681439906,1445,7.594794593857673,0.24366169924520997,0.04792446377458087,5.085270579268292,0.00010060308259718454,3.60734324750753e-07,11.660537161723571,154.01464538479328,3,55.78474456826123,-37.21525543173876,-41.20261381930716,3.987358387568399,0.24678747855932398,0.0007847951564753375,0.1378761160391513,0.1172049054442027,0.03021392623444341,12.0368875343759,2.736447336030899,296.93586064265935,-0.9957220887533887,0.002143540561443271,0.8890603301846349,0.0019057368793209122,13.020970080079074,1.2464000696639272,0.22918935989475672,0.8853819111279538,0.1477376627869622,0.13601789570225725,0.12757564730766865,0.13227298986159505,683.322265625,6.157378844721589,0.006092646026906698,0.053264496103037476,0.10083917726736447,0.5247426186821318,0.2933256634429796,1.060035903661202,2.363811557772737,649.4667078022985,0.7012188982776896,0.004491333039838221,1.2166162987230145,34.01295731707317,0.2924772551296942
2019-06-24 17:45:00,/media/haupert/data/mes_projets_data/nROI/dataset/_02_dataset_for_publication/dB@risoux/audio/S4A03536_20190624_174500.wav,0,0.9999092970521541,3447.0126542089984,-1.7894423780734146e-18,3.3685655944988905e-05,-0.06740514992805237,12.666678963108835,98.92287514756289,-41.24654397109387,4.620696746476597,0.008663089504897102,0.8868164449428171,0.22914650667698858,1184,9.837262805390457,0.20998645248693631,0.14314574314574316,1.4672256097560976,0.00011069947714159978,3.5952506177908755e-08,2.749636473309016,10.558927265437607,8,46.92378989132262,-46.07621010867738,-54.78024560232926,8.70403549365188,0.6871867455878785,0.3006482460752432,0.46017913856589565,0.3481740102945904,0.035887849512897474,13.281531118732417,2.840526922820546,303.6426325119536,0.020799552979742456,1.0424827277051114,0.0877803237417592,0.09150947133314688,36.99363248627817,0.21962919740954023,2.1476552096884505,0.3074716670943983,0.13527071440927174,0.18405928520706138,0.1273995204697602,0.14858343616918313,767.58203125,20.478941301024033,0.03307117753097174,0.07475786324279134,0.22610644980298586,0.5402526483278299,0.33313126947049276,3.704157234592316,5.276412113106985,11583.732661092627,0.9792417418354632,0.20695079317595644,1.6607479102338014,24.009146341463413,3.5361165553619824
2019-06-24 18:00:00,/media/haupert/data/mes_projets_data/nROI/dataset/_02_dataset_for_publication/dB@risoux/audio/S4A03536_20190624_180000.wav,0,0.9999092970521541,2648.1901986574744,-1.6946074710654905e-18,5.99050955751807e-05,0.0015246416089298989,6.75203746906363,101.71035941325647,-39.330016685405155,3.2447189590454144,0.010801875458631066,0.9152971097697984,0.2606928585252564,1347,7.575849135709833,0.2347590478033675,0.05748123467073905,4.084889481707317,0.00010429970620877868,3.060272232334437e-08,3.603858840106243,26.40539902409669,9,46.27120759868555,-46.72879240131444,-54.02599372108124,7.297201319766799,0.6786095876378653,0.24097720365985142,0.3960257532396797,0.3328421116541922,0.08963968597478666,12.494916676373405,3.1005245630485714,313.61928020011845,0.10606823330746012,1.2373072246887526,0.04943167241778616,0.061162165410974564,36.833403267312015,0.22275681722618446,2.2093677974664425,0.23491287940990357,0.13880445795339413,0.19407230741520556,0.12551197247104293,0.15179592225609756,784.177734375,18.879938420334064,0.032107091439217965,0.055352238059880064,0.31701153499459245,0.5577625683767428,0.33162884349119703,2.6379385685874572,5.212689850163621,12173.475787356727,0.9604646405520489,0.33535682363043096,1.6297726870995262,102.0388719512195,4.210523132017034
2019-06-26 01:15:00,/media/haupert/data/mes_projets_data/nROI/dataset/_02_dataset_for_publication/dB@risoux/audio/S4A03536_20190626_011500.wav,0,0.9999092970521541,4260.419765965166,-4.830705528651428e-19,4.002990540674846e-06,0.019430993824019836,3.241542148592539,89.90066068037066,-48.636785568849774,0.9108945830912489,0.0036996506929512923,0.9723495010375023,0.13412037933036577,693,4.634745151793579,0.09657441455389974,0.027327257947204038,3.5346798780487805,2.8450059609945422e-05,1.1507088559835705e-09,10.631690279409224,149.95163400893622,3,33.015514572683294,-59.98448542731671,-62.043203264164816,2.0587178368481034,0.6141144315469692,0.0004132924869153509,0.36090459561405197,0.32666706265918133,0.00838968084846281,3.0807860388258397,0.33938916712369255,297.57263884783583,-0.5243996170248235,0.311991932865614,0.0036143000747911745,0.0011276324662904318,10.452485290245283,0.006850893009839341,2.3025370188492316,0.0052824272908631896,0.12782843633907465,0.12739611735307574,0.12670830570966654,0.1268676805071622,655.3984375,5.861913022207127,0.0018015177361595043,0.046397122340999894,0.034785607661997814,0.5183875188404011,0.32085284225489125,1.6424881394563815,4.759612985322093,30486.843933116343,0.8721251534386895,0.47305141077763996,1.204510928189943,1.0003810975609757,0.03141786440185831
2019-06-26 12:45:00,/media/haupert/data/mes_projets_data/nROI/dataset/_02_dataset_for_publication/dB@risoux/audio/S4A03536_20190626_124500.wav,0,0.9999092970521541,1000.3574020319303,1.5475714028549744e-18,0.00025183119727901555,0.08313962155578646,8.476348561399107,107.94382714795319,-36.525793313559845,3.54160947883841,0.014917990777246835,0.9088918288890242,0.2755951228952971,1424,7.853306501583994,0.25662860460615444,0.04982145609052682,5.151962652439024,6.257596471024634e-05,4.77846557245438e-08,12.953745222019801,207.353207595332,6,47.22763923675619,-45.77236076324381,-50.3929198545838,4.620559091339992,0.28893308387370586,0.006965064774747565,0.3780216602520512,0.29202044362587287,0.06495972957217,29.92883841680386,4.524899444282587,299.1883706829673,-0.9628322449169916,0.018935777715726475,0.1224347236275948,0.0023183967112985395,16.922072503755608,0.1572166568111064,1.331486223583767,0.7070941968643449,0.14197988484444116,0.14149384809356116,0.12662024229071228,0.13333650914634146,688.81640625,6.802904052938285,0.007158055676538908,0.04781274106594724,0.11282522934565586,0.530841494608029,0.2658305197880179,0.7984868555756993,2.56788071813986,3309.9143039326827,0.6291815207560614,0.03446297669304683,1.232526284190014,93.03544207317073,0.8976586696670539
2019-06-27 06:45:00,/media/haupert/data/mes_projets_data/nROI/dataset/_02_dataset_for_publication/dB@risoux/audio/S4A03536_20190627_064500.wav,0,0.9999092970521541,4219.349374092888,-1.6427420086487675e-18,2.4031053305046498e-05,-0.02647411569682077,4.450199637825281,97.69149847399478,-39.47305786667626,1.330862649540805,0.010625444487436533,0.9632677587918628,0.1447648538803948,748,5.708534217364263,0.10857364041029612,0.05169204189612353,2.1008003048780486,9.836358920291106e-05,1.9319951471074215e-08,3.661252836972888,29.375160515227037,15,44.71598273759156,-48.28401726240844,-52.882504868297744,4.598487605889304,0.7158754423296703,0.09301601521630554,0.36398032896687516,0.2591373800964991,0.1339543253499712,4.940525449583658,1.6019043412655884,304.54055433897025,-0.19986919055701327,0.6668483662552777,0.0547630104879604,0.03651862407511703,47.66814470145239,0.110172512440781,2.236728691327947,0.1826561533992251,0.1809581469674879,0.2214624208885328,0.12574210046208373,0.16542091620692995,854.564453125,13.316208327037685,0.04232375750096787,0.05964211730282119,0.47038740248555483,0.5553065773367717,0.3317798354365345,2.684316947155441,5.446412736196103,17478.53945165834,0.9627852894617517,0.31232435140291764,1.4467683928484305,181.0689786585366,6.102816189992257
2019-06-27 11:30:00,/media/haupert/data/mes_projets_data/nROI/dataset/_02_dataset_for_publication/dB@risoux/audio/S4A03536_20190627_113000.wav,0,0.9999092970521541,670.4941491291727,1.213886809701429e-18,0.0004380411480971091,0.03376367443548493,8.845836274587048,109.73401551755417,-35.40372407301865,4.375043925033264,0.016975156869874462,0.888415427644185,0.3282368879427134,1696,8.405636437180235,0.3166247338881363,0.05133492676349819,6.169016768292683,5.918878016584493e-05,9.087629480822046e-08,15.773052539600029,279.2035569431495,4,49.84148123294675,-43.158518767053245,-50.074036492794924,6.9155177257416796,0.1743154594014258,0.0025016637915866724,0.2514895631869922,0.22519311744583392,0.044593676321696085,23.2547871324682,3.788977895102319,297.33062657209314,-0.984193077612363,0.007966423512906294,0.22532140987432028,0.0017950057775839815,14.960899547318627,0.27207707603394665,0.4816201804540917,0.8604579519919184,0.14604492549484765,0.1385747203537734,0.12665513534350548,0.1326465259630275,685.251953125,6.3838725035859545,0.006800020567169957,0.04772865494306672,0.10464996012921256,0.5217033211889565,0.21638396818013703,0.5237009628297212,1.7280774931497604,1451.2881731963028,0.47259093287632103,0.015789285854565394,1.2197810770111448,35.01333841463415,0.5509279423151375
2019-06-27 16:00:00,/media/haupert/data/mes_projets_data/nROI/dataset/_02_dataset_for_publication/dB@risoux/audio/S4A03536_20190627_160000.wav,0,0.9999092970521541,470.5593477866473,-7.09532953812207e-18,0.0010337988755335674,-0.06988280569045163,5.579955717130238,113.97203654131152,-31.076930225831898,3.7557372407506513,0.02793530958772686,0.9144922134382075,0.32339849041997293,1671,7.676872186834965,0.30965744145539,0.05368775641277706,5.768864329268292,8.313072643178e-05,1.4459682987833354e-07,13.334971494245957,216.97134548947,6,51.89704229325831,-41.10295770674168,-45.89224429649492,4.789286589753246,0.2511712128136168,0.0016193767495479294,0.4423327193197101,0.36132780115805085,0.03685206268714991,22.29355740502577,3.9163836234007725,297.12423272629576,-0.9889200249995703,0.005570849939243903,0.36244764261958967,0.002019141427866437,17.63064294833507,0.44037056600785085,0.9262140019141806,0.8009424119706224,0.13927397632638938,0.13502518524039328,0.12629457379797587,0.13051230400696864,674.2265625,5.993642317814279,0.004181109054394115,0.04541859244067862,0.06875694548172041,0.5230052921794213,0.25473686865901973,0.7224081352943695,2.30467197108449,1475.3664685799465,0.5935404329299123,0.011269839806417,1.2123561039056003,32.01219512195122,0.29708974545102595
2019-06-27 22:15:00,/media/haupert/data/mes_projets_data/nROI/dataset/_02_dataset_for_publication/dB@risoux/audio/S4A03536_20190627_221500.wav,0,0.9999092970521541,2097.1568849782293,-1.1014277164353951e-18,1.8466048171548506e-05,-0.0013400580921953563,3.5633682540934095,96.57598096706566,-42.02393969561829,0.9464134437508704,0.007921419538157427,0.9744359463064084,0.14205535126766014,734,4.752389958263984,0.07896264757112445,0.03222361053264843,2.45093368902439,4.3602148442743144e-05,2.7137194473930077e-08,10.711191853541589,125.5458857680308,2,44.72241774181953,-48.27758225818047,-51.43104350134533,3.1534612431648554,0.29481837398921784,0.0001777318963159802,0.08797389453017346,0.07021795315631274,0.015840418090193653,12.990229938792977,2.3971391427339683,296.5271646109443,-0.9659280475273706,0.017331230670157502,0.06864363493286327,0.0011896786710595348,11.906872893095175,0.08886441429085563,2.193182820324677,0.25025478514884975,0.13857381734911572,0.12935876493982662,0.12590244234753814,0.12844046409214094,663.5234375,5.639560232385476,0.0031863990514905153,0.04362105455443312,0.054588650226131415,0.5211029180033394,0.31094868490163935,1.3503838021375942,2.7089796631740457,3026.796601091002,0.7662366226321085,0.040302708727709524,1.2041667149203032,19.007240853658537,0.16744852158343013
2019-06-28 17:45:00,/media/haupert/data/mes_projets_data/nROI/dataset/_02_dataset_for_publication/dB@risoux/audio/S4A03536_20190628_174500.wav,0,0.9999092970521541,821.2411556603773,-4.538647584945608e-19,0.00042199965773245633,0.01336493543957451,10.299962803032026,109.93996460617407,-33.22814605117241,3.1132836873218324,0.02180683800836202,0.917608773521257,0.2632088252370815,1360,7.378771642788113,0.23611379910973487,0.05169405961898141,4.568407012195122,9.070960089434723e-05,1.1543241563663391e-07,9.66834423471885,113.73112740678724,6,51.01501476562311,-41.98498523437689,-45.614801839447935,3.629816605071042,0.3460972859611256,0.0033295940068595042,0.3708658987288149,0.29523804554663613,0.029152494652714633,10.497942668123756,2.3788102258498998,298.32400232080704,-0.9795469227179576,0.010332201296830103,0.29510223258802115,0.003049055670243411,17.79674831105686,0.40269504850067117,1.3739030974498547,0.700380466543103,0.15121786476223423,0.14221120820833877,0.12807245791648597,0.13515088136372436,698.189453125,6.443374305429175,0.006705124249903214,0.04968057419764504,0.10969843315131897,0.5229681282065796,0.31121082702057595,1.356273757400044,3.0397565867877474,2323.5596697574424,0.788549828038636,0.01862793814067942,1.2249205889467034,36.013719512195124,0.5102094826751838
2019-06-28 21:15:00,/media/haupert/data/mes_projets_data/nROI/dataset/_02_dataset_for_publication/dB@risoux/audio/S4A03536_20190628_211500.wav,0,0.9999092970521541,1626.8975644049347,2.147465133202445e-18,4.830068398618044e-05,-0.022766363202896028,3.208984971773751,100.76098169960045,-37.34923701479498,0.6977411319029372,0.013568697151032746,0.9795722817188685,0.12250822527578865,633,4.305874494056258,0.06618927811108961,0.028982571130642037,2.284203506097561,7.51795187454027e-05,7.006707295803495e-08,9.897425338580696,112.42138547041301,6,48.884750199545365,-44.11524980045464,-47.172119552318776,3.0568697518641343,0.3365973178026569,0.05475088283049934,0.47368798659705613,0.3811376096416116,0.0393892455171031,8.857164158299556,2.3617320010600418,300.8374698822323,-0.9321270755658853,0.035128602715862225,0.1796968151156254,0.006312498027502551,19.978908089843227,0.2149868998929192,2.211127893790515,0.2408569954603344,0.13772950799416808,0.15021500100409715,0.1264175302697233,0.1361297123015873,703.24609375,9.093676798601516,0.010669597488385599,0.04965250142040867,0.14233436842971017,0.529940210979362,0.31436314970047924,1.4331372631212098,2.984956302855043,3020.0399343449703,0.7927617931329134,0.03949859098418966,1.2674090124753996,20.007621951219512,1.3106655899148276
2019-06-29 00:30:00,/media/haupert/data/mes_projets_data/nROI/dataset/_02_dataset_for_publication/dB@risoux/audio/S4A03536_20190629_003000.wav,0,0.9999092970521541,4179.629104680696,-1.7107210127871909e-18,4.232603694563978e-06,0.015991331473039626,3.1003388089536346,90.16825493065642,-48.07584865512453,0.7342412201077622,0.00394645874547566,0.9811214620830402,0.1188310431585059,614,4.314808927171351,0.08573640410296109,0.02780118894404609,3.0845083841463414,2.9486408818313527e-05,1.4301163077933685e-09,8.85711361156392,106.13449063004218,1,33.70915577793346,-59.29084422206653,-61.534413293083155,2.2435690710166227,0.6103270777912829,1.628848961920948e-05,0.032953564273923375,0.03136303342811997,0.007671675366387798,3.9053063486600443,0.3273983562055783,296.62552193459965,-0.6144450775009034,0.23881575649257777,0.00448108956445387,0.0010701547942460468,10.653779138116922,0.007909443498459156,2.3010260409569234,0.029934257144178744,0.129566478035601,0.1266891087551059,0.12579360925430222,0.12643781153213318,653.177734375,5.432225753397749,0.001442726480836237,0.039640994493035306,0.028890294003925152,0.5191595535288676,0.3252073571641429,1.8570385627072805,4.75076337667549,27031.496184347357,0.8961203016262019,0.40645763838552934,1.1997991528790608,0.0,0.008582256581494387
2019-06-29 02:00:00,/media/haupert/data/mes_projets_data/nROI/dataset/_02_dataset_for_publication/dB@risoux/audio/S4A03536_20190629_020000.wav,0,0.9999092970521541,3876.251587445573,-1.5656991372918875e-18,4.812617265708275e-06,-0.05905051260057901,2.998433891656976,90.69929864391142,-47.04406964538453,0.6412537306118082,0.004444229908478564,0.9838837912531135,0.10663828140119992,551,4.120366752099427,0.06851170892200503,0.026687869953176076,2.5676448170731705,3.215935516817e-05,2.013651586211652e-09,6.827977193611833,66.8487614179608,1,34.932672139622085,-58.06732786037792,-60.14433083928157,2.07700297890365,0.6168270233883804,1.403535238964082e-05,0.000917203049299764,0.000743857489119093,0.007584558379232775,4.4370772321264464,0.46651446564425325,296.13826442296323,-0.7079998000413416,0.17096032444007944,0.006285973955614188,0.001074652146873691,11.103651454880293,0.010054509646996454,2.302480685128447,0.007947680981340355,0.12933583743132265,0.1265855935870283,0.12549452594464633,0.12622004149728996,652.052734375,5.39522705400329,0.0015459404036004645,0.038648523623013416,0.031202820355986805,0.5203337826587433,0.3285717389573085,2.1242802126042615,4.807081017744227,22986.623364587605,0.9236152648176215,0.3231553866077598,1.1977741743899906,0.0,0.0
2019-06-29 07:30:00,/media/haupert/data/mes_projets_data/nROI/dataset/_02_dataset_for_publication/dB@risoux/audio/S4A03536_20190629_073000.wav,0,0.9999092970521541,2459.3564042089984,3.127034190367481e-18,3.372019039085932e-05,0.016459782877811108,3.172838011792211,99.18345821873001,-38.88854743442442,0.823599997664445,0.01136508343239366,0.978052028726359,0.13895877685310626,718,4.395624282073727,0.08167215018385911,0.03288194920026176,2.484279725609756,7.481753164070333e-05,3.1136588678459875e-08,9.012277844542334,104.06675571494866,10,45.74341158620146,-47.25658841379853,-50.3615643045719,3.1049758907733676,0.44299297281905026,0.05203192584815408,0.28272428090780655,0.22912347729131854,0.1259447655329592,6.723514143194297,1.9826471070242933,305.9012253444573,-0.713586359977682,0.16714281037230502,0.08327630656542227,0.013919035916770314,33.40259802720029,0.13290482845412643,2.2730788751435322,0.12971999409313179,0.13901450564657625,0.19006937586564557,0.12533999956799077,0.1501773918408827,775.81640625,10.443788532947337,0.02344543953252033,0.0515621444664239,0.31232134070308715,0.5538415677131692,0.3180052603552113,1.5397285039990418,3.670069194101365,7452.282360210665,0.8312899941132833,0.1373552522176107,1.3451012404404947,132.0503048780488,3.8805788448509486
2019-06-29 21:30:00,/media/haupert/data/mes_projets_data/nROI/dataset/_02_dataset_for_publication/dB@risoux/audio/S4A03536_20190629_213000.wav,0,0.9999092970521541,2589.151510341074,-5.005268897303182e-19,3.4161864095245796e-05,0.011608945275955476,3.5138804991455252,99.24451679208907,-38.61367267544153,1.1303181409564047,0.011730495742628064,0.9698803708087208,0.1550222566286046,801,5.06802003095023,0.09986452486936327,0.046439909297052155,2.1508193597560976,9.213358292474544e-05,5.127442958914025e-08,8.91786677910839,95.54874161918796,19,47.857025451348065,-45.142974548651935,-48.34357633595487,3.2006017873029364,0.4286024206786227,0.12099818824719355,0.33426259077419773,0.26523654581818856,0.08522048859687459,11.909636867806801,2.795803305239357,303.08184324847775,-0.7275024044201388,0.15774079091445833,0.13091823970291214,0.020651146675866,33.18385317173674,0.18371047047839614,2.1914289898187964,0.2592485348061606,0.14216110246208843,0.18405928520706138,0.12696252652287407,0.14896037492741,769.529296875,15.212107245049797,0.028585719729965157,0.06656077545286869,0.27952255145624094,0.5382749685315603,0.32133269280582794,1.6620914823292137,3.587206945625939,6753.169760478838,0.840604929625653,0.15948315652699505,1.42817496271315,95.03620426829268,3.572903056039489
2019-06-30 01:15:00,/media/haupert/data/mes_projets_data/nROI/dataset/_02_dataset_for_publication/dB@risoux/audio/S4A03536_20190630_011500.wav,0,0.9999092970521541,3239.977208817126,-1.1719244614678344e-18,6.975352605422791e-06,0.04249382256374513,3.137717689228872,92.304100053001,-45.599513601970266,0.6905712866909894,0.0052483684957806,0.980318173617952,0.12115347396942133,626,4.268989024469933,0.07799496806657635,0.02999244142101285,2.6009908536585367,3.427897101177591e-05,6.079526805083202e-09,9.809780856982337,109.37084004824649,1,38.69881915476591,-54.301180845234086,-57.580123741540994,3.2789428963069085,0.40577169605627145,1.4116620140613989e-05,0.00273471735973585,0.0025238250082468827,0.007563140643138344,3.328809773287934,0.21078111401758953,296.368002928025,-0.8768754554067727,0.06560080704265098,0.016376547475443027,0.001074314730961351,11.30514648664534,0.02116545176574198,2.3003041709937744,0.035835769847813025,0.13594616189322986,0.12660526146896306,0.12593068910456118,0.12705709506871854,656.376953125,5.457660505716095,0.0020809136662795196,0.04051734665956447,0.036121010203329196,0.521503800613294,0.3193191193398433,1.58453544525148,3.4357625707579764,9844.809927763092,0.8250156176743939,0.14810584589018316,1.2007776718698562,0.0,0.002003786778939218
2019-06-30 03:00:00,/media/haupert/data/mes_projets_data/nROI/dataset/_02_dataset_for_publication/dB@risoux/audio/S4A03536_20190630_030000.wav,0,0.9999092970521541,3862.5336765239476,2.383461379668182e-18,5.066413309296351e-06,0.03699642324417225,3.114623305952801,90.9099183582748,-47.00399219175357,0.7178108839065089,0.004464783354779053,0.9819172822072777,0.11747629185213858,607,4.220119686061129,0.08128507838203987,0.028515733778891675,2.8510861280487805,3.165576731687065e-05,2.676492910725943e-09,8.439662022463432,83.31695297864617,1,35.74950227104206,-57.25049772895794,-60.21609386477462,2.965596135816682,0.526567682808432,1.4907572442601769e-05,0.004542190358789111,0.0041943606245831155,0.007307716223146521,2.781693691107106,0.02780440592768889,296.26051192392003,-0.7550366894824881,0.13957731595328918,0.007788387990177744,0.001087082291271842,10.682715334693837,0.01060673926912872,2.302268438489008,0.013625405446561878,0.13274602350886733,0.12676363967612173,0.12559006644634196,0.12663856828300427,654.21484375,5.456883583684913,0.001911158899535424,0.040067938387386856,0.03390619623234058,0.5206546573410008,0.32726860975645194,2.0033270128640397,4.226692220349627,18274.223430387276,0.8902385396801437,0.27589926302078605,1.1996178777810207,2.0007621951219514,0.012703252032520327
2019-06-30 06:30:00,/media/haupert/data/mes_projets_data/nROI/dataset/_02_dataset_for_publication/dB@risoux/audio/S4A03536_20190630_063000.wav,0,0.9999092970521541,4009.68035649492,3.3999573032787812e-18,2.247885310309944e-05,-0.0008653637293309764,3.2106557142457626,97.41849189802308,-39.16942507701564,0.5587333723193169,0.011003446751997326,0.9828644695919486,0.09676795045480936,500,4.185941103754136,0.05186762144377782,0.03174973390716831,1.6339557926829267,8.466307399636073e-05,2.0289479737044225e-08,5.651537486015784,50.13165357251535,18,44.479280403156416,-48.520719596843584,-52.7900733355305,4.269353738686917,0.6149190934894037,0.042994845850496954,0.27282066908151315,0.2335094566317133,0.13874652831376022,5.009141203648708,1.5636082246004332,302.4498652521075,-0.40540557288640894,0.42307675349003954,0.055030820669107805,0.023282260950578695,44.150434896526804,0.09459477043260282,2.290383351836874,0.07877725461594647,0.1443398324560753,0.21439751066723806,0.12569391481775025,0.1598205211962834,825.6328125,10.446894835897336,0.034435264832559036,0.0553619348269988,0.42524428242981605,0.5482987504387123,0.3298912641039548,2.2865350898006422,4.799156270171195,13580.705895526698,0.9299441071434432,0.25969818061096733,1.3573097900744107,180.0685975609756,5.502587531455672
2019-06-30 13:15:00,/media/haupert/data/mes_projets_data/nROI/dataset/_02_dataset_for_publication/dB@risoux/audio/S4A03536_20190630_131500.wav,0,0.9999092970521541,874.2792997097242,7.51965280346018e-19,0.00048767129403179854,0.03642717525206117,8.415333128329362,110.59530090871453,-33.33758744578218,4.46642898951891,0.02153379764889079,0.8980006111427968,0.3346235726727308,1729,8.452972162112987,0.3181730210954132,0.07727450494367788,4.118235518292683,0.00010930716141583391,2.5406084217517946e-07,8.074533322503878,70.68501822559561,8,54.341661245338926,-38.658338754661074,-47.05561451007463,8.39727575541356,0.3525905647620052,0.010868346780782301,0.35793161618843794,0.2766548241302189,0.09193793950579876,17.840039668265174,3.2636299015329437,297.53671662969674,-0.9895148033495095,0.005270228013804146,0.6366136127179695,0.003355098895715306,20.500965998912463,0.8421349967985206,1.2410520020738445,0.7257601445437121,0.17355705471948335,0.15565575823825467,0.12664433511287904,0.1412957014614789,729.93359375,8.377379598713814,0.01643256387921022,0.05329947985897415,0.19816070881609996,0.5266129203094798,0.32583334098587907,1.8971204950558573,3.1261321195575134,1176.7274943395928,0.8613516582789521,0.008309959962431918,1.2587007070319653,140.0533536585366,1.667264021970577
2019-06-30 16:30:00,/media/haupert/data/mes_projets_data/nROI/dataset/_02_dataset_for_publication/dB@risoux/audio/S4A03536_20190630_163000.wav,0,0.9999092970521541,2196.1658653846152,7.54650870632968e-19,6.478927787767278e-05,-0.3634420863522577,11.333066618830102,102.03012044776554,-40.25132386595544,2.598130844756369,0.009714798715071915,0.9307750436409591,0.2107605960905748,1089,7.165843837926015,0.18734275208051093,0.05179012926215033,3.6180449695121952,5.823832674634677e-05,1.2684399629099201e-08,7.543049310421954,83.08138054421211,7,42.15450722976004,-50.845492770239964,-53.78411136159744,2.938618591357475,0.522923932705604,0.009217350022478144,0.3529230008430603,0.26013122117791254,0.11260493383352654,25.030967082031726,4.2916998184269675,298.4574767139307,-0.8114999306660372,0.10405745324243909,0.03593191281962385,0.0037389833381394066,18.936285157931568,0.05076292695755992,2.2662991362918103,0.14898727509225704,0.1394881426017908,0.15929224609281997,0.13076836163824543,0.14164390667344173,731.732421875,7.012740386971936,0.01137167900696864,0.05056211932981887,0.1825267278444155,0.5353259419260484,0.322514827401816,1.7139424051967178,4.1948430675487725,11810.618978246386,0.8782045999199791,0.15063581723665062,1.2421538958314193,145.05525914634146,1.3428774075687184
2019-06-30 19:30:00,/media/haupert/data/mes_projets_data/nROI/dataset/_02_dataset_for_publication/dB@risoux/audio/S4A03536_20190630_193000.wav,0,0.9999092970521541,3081.8461992017415,-3.0709724931273984e-18,1.2339592904292174e-05,-0.011429253951793374,3.182704516688724,94.80905788201774,-43.220435274339195,0.820181242819082,0.006902052148506151,0.9809237779080848,0.1271530868976195,657,4.3548114781920075,0.09425198374298432,0.03158692154701732,2.984470274390244,4.865576762055999e-05,4.626610772460817e-09,4.7141268224108615,36.31783128161029,8,38.539952471271704,-54.4600475287283,-57.16202438190738,2.701976853179076,0.6703555527613775,0.016663594940069748,0.3836173976988203,0.3181934826331966,0.08598849850019186,52.48188668717041,6.035711889617827,300.24772250844967,-0.6071279271047427,0.24445600519369995,0.014498366628590432,0.0035442127878588686,20.533641987156525,0.023716653899696898,2.3022609090151755,0.01423746274958706,0.13458291117865584,0.15021603615577792,0.1259007807735956,0.13551231912988776,700.056640625,7.474520685138902,0.009727817702284165,0.04905994892795611,0.148750814786839,0.5339370260416991,0.33144952364884867,2.5879234179951376,5.1582020006091005,20893.785277827024,0.9546667044653365,0.27097098667352276,1.2480009058898194,112.04268292682927,1.4831424820944639
2019-06-30 21:30:00,/media/haupert/data/mes_projets_data/nROI/dataset/_02_dataset_for_publication/dB@risoux/audio/S4A03536_20190630_213000.wav,0,0.9999092970521541,3385.090371008708,-3.1347552624424623e-18,1.6072269966854466e-05,-0.24797139183830208,41.56107336674992,95.91668375913142,-44.660007338155616,2.727798715853929,0.005847895900927477,0.877406736951492,0.15366750532223727,794,8.39822499759346,0.119798722663054,0.042273976257169533,2.8344131097560976,5.6909880419361087e-05,1.2270649223507122e-08,5.4411010973513845,37.16422858725445,15,41.99864501831033,-51.00135498168967,-57.64834530198555,6.6469903202958776,0.5620587051524791,0.37354448629939807,0.7162154482211911,0.5888175663063012,0.06928221610817487,16.750051087133322,3.400395087983081,300.54956379601026,-0.19366197656309328,0.6755162175464389,0.035742140131394595,0.024144395308574453,12.531081762584487,0.060298236561137135,0.8443312151172625,0.8032139212118607,0.13516774985379032,0.1450392426002182,0.12845794307115357,0.13489114522841658,696.84765625,16.232715124690543,0.008328947686798295,0.05088606624736579,0.11461662299866135,0.5340519211914564,0.3314460841167887,2.587011331203595,4.474802461574985,11137.023158472994,0.9389877678864427,0.19359428696584247,1.2720534327752224,58.02210365853659,0.7839721254355401
