indice,r,lower_bound_ci,upper_bound_ci,p_boot,p_perm,habitat,r_threshold
ZCR,0.16870093878315018,0.12,0.21,0.0,0.0,all_balanced,0.11545428803505708
MEANt,-0.021731212813756815,-0.08,0.03,0.44399999999999995,0.404,all_balanced,0.11545428803505708
VARt,-0.008774982223241306,-0.06,0.04,0.802,0.749,all_balanced,0.11545428803505708
SKEWt,-0.020114696251671404,-0.07,0.03,0.44999999999999996,0.462,all_balanced,0.11545428803505708
KURTt,-0.009212842997617635,-0.06,0.04,0.732,0.734,all_balanced,0.11545428803505708
LEQt,-0.008744783045658849,-0.06,0.04,0.806,0.749,all_balanced,0.11545428803505708
BGNt,0.08120380804731767,0.03,0.13,0.0,0.006,all_balanced,0.11545428803505708
SNRt,0.0013470290814781133,-0.05,0.05,0.952,0.969,all_balanced,0.11545428803505708
M,0.08120380804731767,0.03,0.13,0.0,0.006,all_balanced,0.11545428803505708
Ht,0.009073313348815734,-0.04,0.06,0.74,0.751,all_balanced,0.11545428803505708
ACTtFraction,0.05396687625686084,0.01,0.1,0.026,0.053,all_balanced,0.11545428803505708
ACTtCount,0.053889848258371585,0.0,0.1,0.026,0.053,all_balanced,0.11545428803505708
ACTtMean,-0.015471629079979038,-0.07,0.04,0.5900000000000001,0.593,all_balanced,0.11545428803505708
EVNtFraction,0.0733516631622145,0.02,0.12,0.006,0.01,all_balanced,0.11545428803505708
EVNtMean,0.11589033615370518,0.06,0.17,0.0,0.0,all_balanced,0.11545428803505708
EVNtCount,0.04525743491494187,-0.0,0.1,0.072,0.094,all_balanced,0.11545428803505708
MEANf,0.12257977460848594,0.08,0.17,0.0,0.0,all_balanced,0.11545428803505708
VARf,0.06544166530043719,0.02,0.12,0.006,0.017,all_balanced,0.11545428803505708
SKEWf,-0.2925764836747675,-0.33,-0.24,0.0,0.0,all_balanced,0.11545428803505708
KURTf,-0.3130770817825111,-0.35,-0.27,0.0,0.0,all_balanced,0.11545428803505708
NP,0.49332736760874935,0.45,0.53,0.0,0.0,all_balanced,0.11545428803505708
LEQf,0.06408750008753758,0.02,0.12,0.006,0.021,all_balanced,0.11545428803505708
BGNf,0.03179547510551571,-0.02,0.08,0.184,0.247,all_balanced,0.11545428803505708
SNRf,0.1704897264865152,0.12,0.22,0.0,0.0,all_balanced,0.11545428803505708
Hf,0.1756374553647427,0.12,0.22,0.0,0.0,all_balanced,0.11545428803505708
H,0.17269597807703224,0.12,0.22,0.0,0.0,all_balanced,0.11545428803505708
EAS,0.522140511454267,0.48,0.56,0.0,0.0,all_balanced,0.11545428803505708
ECU,0.320227219583046,0.27,0.38,0.0,0.0,all_balanced,0.11545428803505708
ECV,0.2707590794027538,0.22,0.33,0.0,0.0,all_balanced,0.11545428803505708
EPS,0.5735434975827296,0.54,0.61,0.0,0.0,all_balanced,0.11545428803505708
EPS_KURT,-0.06873292460404083,-0.13,-0.01,0.03400000000000003,0.005,all_balanced,0.11545428803505708
EPS_SKEW,-0.032698964894200926,-0.09,0.03,0.26,0.208,all_balanced,0.11545428803505708
ACI,0.18651448646638694,0.14,0.24,0.0,0.0,all_balanced,0.11545428803505708
NDSI,0.3748252316952742,0.33,0.41,0.0,0.0,all_balanced,0.11545428803505708
rBA,0.3748252316952742,0.33,0.41,0.0,0.0,all_balanced,0.11545428803505708
AnthroEnergy,-0.10726388221962904,-0.16,-0.06,0.0,0.0,all_balanced,0.11545428803505708
BioEnergy,0.3205908869058867,0.27,0.36,0.0,0.0,all_balanced,0.11545428803505708
BIO,0.540614234581676,0.51,0.57,0.0,0.0,all_balanced,0.11545428803505708
ROU,0.07252751382118983,0.02,0.12,0.004,0.01,all_balanced,0.11545428803505708
ADI,-0.10081365979733764,-0.15,-0.05,0.0020000000000000018,0.0,all_balanced,0.11545428803505708
AEI,0.09982397617643295,0.05,0.15,0.002,0.0,all_balanced,0.11545428803505708
LFC,0.30573883302412963,0.26,0.35,0.0,0.0,all_balanced,0.11545428803505708
MFC,0.5436136309071057,0.5,0.58,0.0,0.0,all_balanced,0.11545428803505708
HFC,-0.07512900925613417,-0.13,-0.02,0.006000000000000005,0.005,all_balanced,0.11545428803505708
ACTspFract,0.4644180633170552,0.42,0.51,0.0,0.0,all_balanced,0.11545428803505708
ACTspCount,0.4643288023242752,0.42,0.51,0.0,0.0,all_balanced,0.11545428803505708
ACTspMean,0.5101597491969143,0.47,0.55,0.0,0.0,all_balanced,0.11545428803505708
EVNspFract,0.5246796865180704,0.48,0.56,0.0,0.0,all_balanced,0.11545428803505708
EVNspMean,0.39435714150689416,0.35,0.44,0.0,0.0,all_balanced,0.11545428803505708
EVNspCount,0.5027960194415695,0.46,0.55,0.0,0.0,all_balanced,0.11545428803505708
TFSD,0.44111123238560723,0.4,0.48,0.0,0.0,all_balanced,0.11545428803505708
H_Havrda,0.2729644455052401,0.23,0.32,0.0,0.0,all_balanced,0.11545428803505708
H_Renyi,0.2729644455052401,0.23,0.32,0.0,0.0,all_balanced,0.11545428803505708
H_pairedShannon,0.17884587287124576,0.13,0.23,0.0,0.0,all_balanced,0.11545428803505708
H_gamma,0.049927791556903404,-0.0,0.1,0.066,0.068,all_balanced,0.11545428803505708
H_GiniSimpson,0.2513253400644117,0.2,0.29,0.0,0.0,all_balanced,0.11545428803505708
RAOQ,0.017692442556770042,-0.03,0.07,0.534,0.503,all_balanced,0.11545428803505708
AGI,0.4935004575153163,0.45,0.53,0.0,0.0,all_balanced,0.11545428803505708
nROI,0.702512794787779,0.67,0.73,0.0,0.0,all_balanced,0.11545428803505708
aROI,0.6241859259478963,0.59,0.66,0.0,0.0,all_balanced,0.11545428803505708
ZCR,0.20285438660847788,0.18,0.23,0.0,0.0,all_unbalanced,0.05578967990756505
MEANt,0.00018217075648744183,-0.03,0.03,0.968,0.991,all_unbalanced,0.05578967990756505
VARt,0.04979645285161429,0.02,0.07,0.0,0.001,all_unbalanced,0.05578967990756505
SKEWt,-0.0009944994185775375,-0.03,0.03,0.984,0.944,all_unbalanced,0.05578967990756505
KURTt,0.10085864970347302,0.07,0.13,0.0,0.0,all_unbalanced,0.05578967990756505
LEQt,0.04971753105599952,0.02,0.07,0.0,0.001,all_unbalanced,0.05578967990756505
BGNt,0.10541485300020223,0.08,0.13,0.0,0.0,all_unbalanced,0.05578967990756505
SNRt,0.1024866051467606,0.07,0.13,0.0,0.0,all_unbalanced,0.05578967990756505
M,0.10541485300020223,0.08,0.13,0.0,0.0,all_unbalanced,0.05578967990756505
Ht,-0.08604481782567998,-0.11,-0.06,0.0,0.0,all_unbalanced,0.05578967990756505
ACTtFraction,0.14188728704340836,0.12,0.17,0.0,0.0,all_unbalanced,0.05578967990756505
ACTtCount,0.14184320204597636,0.12,0.17,0.0,0.0,all_unbalanced,0.05578967990756505
ACTtMean,0.0867653761750006,0.06,0.11,0.0,0.0,all_unbalanced,0.05578967990756505
EVNtFraction,0.17633599839646744,0.15,0.2,0.0,0.0,all_unbalanced,0.05578967990756505
EVNtMean,0.22907889080045427,0.2,0.25,0.0,0.0,all_unbalanced,0.05578967990756505
EVNtCount,0.1093305941380585,0.08,0.14,0.0,0.0,all_unbalanced,0.05578967990756505
MEANf,0.19266595671243894,0.17,0.22,0.0,0.0,all_unbalanced,0.05578967990756505
VARf,0.09188093077129093,0.07,0.12,0.0,0.0,all_unbalanced,0.05578967990756505
SKEWf,-0.32798666901840207,-0.35,-0.3,0.0,0.0,all_unbalanced,0.05578967990756505
KURTf,-0.33353602321647735,-0.36,-0.31,0.0,0.0,all_unbalanced,0.05578967990756505
NP,0.5598178048179108,0.54,0.58,0.0,0.0,all_unbalanced,0.05578967990756505
LEQf,0.09565130363280985,0.07,0.12,0.0,0.0,all_unbalanced,0.05578967990756505
BGNf,0.019760781018678324,-0.01,0.05,0.15,0.173,all_unbalanced,0.05578967990756505
SNRf,0.2853115687985232,0.26,0.31,0.0,0.0,all_unbalanced,0.05578967990756505
Hf,0.2205680106924811,0.19,0.25,0.0,0.0,all_unbalanced,0.05578967990756505
H,0.2107514508428505,0.18,0.23,0.0,0.0,all_unbalanced,0.05578967990756505
EAS,0.5870317990435066,0.57,0.6,0.0,0.0,all_unbalanced,0.05578967990756505
ECU,0.3964975486729716,0.37,0.42,0.0,0.0,all_unbalanced,0.05578967990756505
ECV,0.36300657466878195,0.34,0.39,0.0,0.0,all_unbalanced,0.05578967990756505
EPS,0.618650855703126,0.6,0.64,0.0,0.0,all_unbalanced,0.05578967990756505
EPS_KURT,-0.09846811619477486,-0.13,-0.07,0.0,0.0,all_unbalanced,0.05578967990756505
EPS_SKEW,-0.07036710067704237,-0.1,-0.04,0.0,0.0,all_unbalanced,0.05578967990756505
ACI,0.2542506431510392,0.23,0.28,0.0,0.0,all_unbalanced,0.05578967990756505
NDSI,0.41883969804035726,0.4,0.44,0.0,0.0,all_unbalanced,0.05578967990756505
rBA,0.41883969804035726,0.4,0.44,0.0,0.0,all_unbalanced,0.05578967990756505
AnthroEnergy,-0.06260566934226644,-0.09,-0.04,0.0,0.0,all_unbalanced,0.05578967990756505
BioEnergy,0.3766834781004382,0.35,0.4,0.0,0.0,all_unbalanced,0.05578967990756505
BIO,0.5657009595157715,0.55,0.58,0.0,0.0,all_unbalanced,0.05578967990756505
ROU,0.10896945853948892,0.08,0.13,0.0,0.0,all_unbalanced,0.05578967990756505
ADI,-0.135897041141572,-0.16,-0.11,0.0,0.0,all_unbalanced,0.05578967990756505
AEI,0.12903405882328164,0.1,0.16,0.0,0.0,all_unbalanced,0.05578967990756505
LFC,0.3415672467223386,0.32,0.37,0.0,0.0,all_unbalanced,0.05578967990756505
MFC,0.5784427018064127,0.56,0.6,0.0,0.0,all_unbalanced,0.05578967990756505
HFC,-0.07799070315480049,-0.1,-0.05,0.0,0.0,all_unbalanced,0.05578967990756505
ACTspFract,0.49282003929798374,0.47,0.51,0.0,0.0,all_unbalanced,0.05578967990756505
ACTspCount,0.4927558180591617,0.47,0.51,0.0,0.0,all_unbalanced,0.05578967990756505
ACTspMean,0.5709212994291173,0.55,0.59,0.0,0.0,all_unbalanced,0.05578967990756505
EVNspFract,0.573439820720839,0.55,0.59,0.0,0.0,all_unbalanced,0.05578967990756505
EVNspMean,0.46599520892051,0.44,0.49,0.0,0.0,all_unbalanced,0.05578967990756505
EVNspCount,0.5568563690123051,0.54,0.58,0.0,0.0,all_unbalanced,0.05578967990756505
TFSD,0.4925892848338194,0.47,0.51,0.0,0.0,all_unbalanced,0.05578967990756505
H_Havrda,0.29451630774742615,0.27,0.32,0.0,0.0,all_unbalanced,0.05578967990756505
H_Renyi,0.29451630774742615,0.27,0.32,0.0,0.0,all_unbalanced,0.05578967990756505
H_pairedShannon,0.22311130948313804,0.2,0.25,0.0,0.0,all_unbalanced,0.05578967990756505
H_gamma,0.09172120969407656,0.06,0.12,0.0,0.0,all_unbalanced,0.05578967990756505
H_GiniSimpson,0.28270242056686046,0.26,0.31,0.0,0.0,all_unbalanced,0.05578967990756505
RAOQ,0.08046045363319337,0.05,0.11,0.0,0.0,all_unbalanced,0.05578967990756505
AGI,0.5341215029687773,0.51,0.55,0.0,0.0,all_unbalanced,0.05578967990756505
nROI,0.7297863438197576,0.72,0.74,0.0,0.0,all_unbalanced,0.05578967990756505
aROI,0.6539220020301273,0.63,0.67,0.0,0.0,all_unbalanced,0.05578967990756505
ZCR,-0.0720337770709607,-0.15,0.01,0.07000000000000006,0.066,Arable land,0.15239323911050076
MEANt,-0.025355924568389004,-0.1,0.05,0.524,0.518,Arable land,0.15239323911050076
VARt,-0.14020526751310314,-0.21,-0.06,0.0,0.001,Arable land,0.15239323911050076
SKEWt,0.06575585849718385,-0.02,0.13,0.108,0.1,Arable land,0.15239323911050076
KURTt,-0.28304846934902095,-0.35,-0.21,0.0,0.0,Arable land,0.15239323911050076
LEQt,-0.1400801681289514,-0.21,-0.06,0.0,0.001,Arable land,0.15239323911050076
BGNt,0.07643238145886082,0.0,0.16,0.036,0.06,Arable land,0.15239323911050076
SNRt,-0.2612649840516095,-0.34,-0.19,0.0,0.0,Arable land,0.15239323911050076
M,0.07643238145886082,0.0,0.16,0.036,0.06,Arable land,0.15239323911050076
Ht,0.2665038586085226,0.2,0.34,0.0,0.0,Arable land,0.15239323911050076
ACTtFraction,-0.15397401181025405,-0.23,-0.08,0.0,0.0,Arable land,0.15239323911050076
ACTtCount,-0.15418444095910105,-0.23,-0.08,0.0,0.0,Arable land,0.15239323911050076
ACTtMean,-0.2788154575487075,-0.35,-0.21,0.0,0.0,Arable land,0.15239323911050076
EVNtFraction,-0.1827185702764518,-0.26,-0.11,0.0,0.0,Arable land,0.15239323911050076
EVNtMean,-0.2502707792017222,-0.33,-0.18,0.0,0.0,Arable land,0.15239323911050076
EVNtCount,-0.055446742639288074,-0.14,0.02,0.1459999999999999,0.155,Arable land,0.15239323911050076
MEANf,0.0018435628861813692,-0.07,0.09,0.942,0.961,Arable land,0.15239323911050076
VARf,-0.0655222141612739,-0.14,0.02,0.12200000000000011,0.094,Arable land,0.15239323911050076
SKEWf,-0.2701376289143808,-0.34,-0.2,0.0,0.0,Arable land,0.15239323911050076
KURTf,-0.2785738014466829,-0.35,-0.21,0.0,0.0,Arable land,0.15239323911050076
NP,0.6007278075733338,0.54,0.65,0.0,0.0,Arable land,0.15239323911050076
LEQf,-0.05742306670595157,-0.13,0.02,0.17399999999999993,0.147,Arable land,0.15239323911050076
BGNf,0.10431011800505326,0.03,0.18,0.008,0.006,Arable land,0.15239323911050076
SNRf,-0.19754702203253866,-0.27,-0.13,0.0,0.0,Arable land,0.15239323911050076
Hf,0.16892325009648299,0.1,0.24,0.0,0.0,Arable land,0.15239323911050076
H,0.19882861502897592,0.13,0.27,0.0,0.0,Arable land,0.15239323911050076
EAS,0.4639281099780844,0.4,0.53,0.0,0.0,Arable land,0.15239323911050076
ECU,0.5572457590941832,0.49,0.62,0.0,0.0,Arable land,0.15239323911050076
ECV,0.5443792005596044,0.47,0.6,0.0,0.0,Arable land,0.15239323911050076
EPS,0.5247791869785189,0.46,0.59,0.0,0.0,Arable land,0.15239323911050076
EPS_KURT,0.5304262754980691,0.47,0.6,0.0,0.0,Arable land,0.15239323911050076
EPS_SKEW,0.5340504654691456,0.47,0.6,0.0,0.0,Arable land,0.15239323911050076
ACI,0.3163172316128281,0.25,0.4,0.0,0.0,Arable land,0.15239323911050076
NDSI,0.1687891978050164,0.1,0.24,0.0,0.0,Arable land,0.15239323911050076
rBA,0.1687891978050164,0.1,0.24,0.0,0.0,Arable land,0.15239323911050076
AnthroEnergy,-0.06169070767606784,-0.13,0.02,0.1319999999999999,0.115,Arable land,0.15239323911050076
BioEnergy,0.10437503261604249,0.03,0.18,0.004,0.005,Arable land,0.15239323911050076
BIO,0.29326265066313556,0.21,0.37,0.0,0.0,Arable land,0.15239323911050076
ROU,-0.05696304171365131,-0.13,0.03,0.17399999999999993,0.144,Arable land,0.15239323911050076
ADI,0.24526865717593313,0.17,0.32,0.0,0.0,Arable land,0.15239323911050076
AEI,-0.23761273868800703,-0.31,-0.17,0.0,0.0,Arable land,0.15239323911050076
LFC,0.08673740428615698,0.0,0.16,0.032,0.021,Arable land,0.15239323911050076
MFC,0.1208326794711218,0.04,0.21,0.004,0.001,Arable land,0.15239323911050076
HFC,-0.33931388879082724,-0.41,-0.27,0.0,0.0,Arable land,0.15239323911050076
ACTspFract,0.0731610720478176,-0.0,0.16,0.07,0.049,Arable land,0.15239323911050076
ACTspCount,0.07248142330219248,-0.0,0.16,0.074,0.053,Arable land,0.15239323911050076
ACTspMean,0.35862080460775136,0.29,0.43,0.0,0.0,Arable land,0.15239323911050076
EVNspFract,0.1563142988006812,0.08,0.23,0.0,0.0,Arable land,0.15239323911050076
EVNspMean,0.03299053438001516,-0.05,0.11,0.454,0.417,Arable land,0.15239323911050076
EVNspCount,0.1343740305728147,0.05,0.22,0.002,0.0,Arable land,0.15239323911050076
TFSD,0.40784700203042495,0.34,0.48,0.0,0.0,Arable land,0.15239323911050076
H_Havrda,0.23259287606878373,0.16,0.3,0.0,0.0,Arable land,0.15239323911050076
H_Renyi,0.23259287606878373,0.16,0.3,0.0,0.0,Arable land,0.15239323911050076
H_pairedShannon,0.17402703469342673,0.1,0.25,0.0,0.0,Arable land,0.15239323911050076
H_gamma,0.10790983830492418,0.04,0.18,0.004,0.009,Arable land,0.15239323911050076
H_GiniSimpson,0.2195228379803532,0.15,0.29,0.0,0.0,Arable land,0.15239323911050076
RAOQ,0.06558642894931939,-0.01,0.14,0.104,0.099,Arable land,0.15239323911050076
AGI,0.2649114235659321,0.19,0.35,0.0,0.0,Arable land,0.15239323911050076
nROI,0.5345054768600133,0.47,0.6,0.0,0.0,Arable land,0.15239323911050076
aROI,0.4575497978621458,0.38,0.52,0.0,0.0,Arable land,0.15239323911050076
ZCR,-0.1402212280287091,-0.22,-0.06,0.0020000000000000018,0.0,Forest - Subtropical-tropical moist lowland,0.1865985789178255
MEANt,-0.012272464157453202,-0.09,0.07,0.742,0.779,Forest - Subtropical-tropical moist lowland,0.1865985789178255
VARt,-0.00969637485808542,-0.09,0.07,0.8400000000000001,0.83,Forest - Subtropical-tropical moist lowland,0.1865985789178255
SKEWt,0.02784185704782486,-0.06,0.11,0.48,0.512,Forest - Subtropical-tropical moist lowland,0.1865985789178255
KURTt,0.1927422791886334,0.11,0.27,0.0,0.0,Forest - Subtropical-tropical moist lowland,0.1865985789178255
LEQt,-0.00969637485808542,-0.09,0.07,0.8400000000000001,0.83,Forest - Subtropical-tropical moist lowland,0.1865985789178255
BGNt,-0.060517421971428384,-0.14,0.02,0.1319999999999999,0.162,Forest - Subtropical-tropical moist lowland,0.1865985789178255
SNRt,0.21492304801669232,0.13,0.3,0.0,0.0,Forest - Subtropical-tropical moist lowland,0.1865985789178255
M,-0.060517421971428384,-0.14,0.02,0.1319999999999999,0.162,Forest - Subtropical-tropical moist lowland,0.1865985789178255
Ht,-0.2126378606886621,-0.3,-0.13,0.0,0.0,Forest - Subtropical-tropical moist lowland,0.1865985789178255
ACTtFraction,0.21776115374878888,0.14,0.3,0.0,0.0,Forest - Subtropical-tropical moist lowland,0.1865985789178255
ACTtCount,0.21776115374878888,0.14,0.3,0.0,0.0,Forest - Subtropical-tropical moist lowland,0.1865985789178255
ACTtMean,0.21854249936401604,0.14,0.3,0.0,0.0,Forest - Subtropical-tropical moist lowland,0.1865985789178255
EVNtFraction,0.22165566517213592,0.14,0.31,0.0,0.0,Forest - Subtropical-tropical moist lowland,0.1865985789178255
EVNtMean,0.20464082040560713,0.11,0.28,0.0,0.0,Forest - Subtropical-tropical moist lowland,0.1865985789178255
EVNtCount,0.18531324994782966,0.1,0.27,0.0,0.0,Forest - Subtropical-tropical moist lowland,0.1865985789178255
MEANf,-0.06422287670096512,-0.15,0.01,0.1120000000000001,0.146,Forest - Subtropical-tropical moist lowland,0.1865985789178255
VARf,0.0016709285293421182,-0.08,0.08,0.966,0.98,Forest - Subtropical-tropical moist lowland,0.1865985789178255
SKEWf,0.18281856144075354,0.11,0.27,0.0,0.0,Forest - Subtropical-tropical moist lowland,0.1865985789178255
KURTf,0.16348237930715603,0.09,0.25,0.0,0.001,Forest - Subtropical-tropical moist lowland,0.1865985789178255
NP,0.008048498655386429,-0.08,0.09,0.848,0.851,Forest - Subtropical-tropical moist lowland,0.1865985789178255
LEQf,-0.010178112971756147,-0.09,0.07,0.8320000000000001,0.821,Forest - Subtropical-tropical moist lowland,0.1865985789178255
BGNf,-0.05127958616225047,-0.13,0.02,0.19399999999999995,0.252,Forest - Subtropical-tropical moist lowland,0.1865985789178255
SNRf,0.1695714187678369,0.09,0.26,0.0,0.0,Forest - Subtropical-tropical moist lowland,0.1865985789178255
Hf,-0.1766588919507079,-0.26,-0.1,0.0,0.0,Forest - Subtropical-tropical moist lowland,0.1865985789178255
H,-0.18425928692163174,-0.27,-0.11,0.0,0.0,Forest - Subtropical-tropical moist lowland,0.1865985789178255
EAS,0.19333294167829862,0.11,0.27,0.0,0.0,Forest - Subtropical-tropical moist lowland,0.1865985789178255
ECU,0.06633176702656517,-0.03,0.16,0.17,0.117,Forest - Subtropical-tropical moist lowland,0.1865985789178255
ECV,0.09015474362399388,0.0,0.18,0.044,0.035,Forest - Subtropical-tropical moist lowland,0.1865985789178255
EPS,0.04713910924397719,-0.04,0.13,0.3,0.26,Forest - Subtropical-tropical moist lowland,0.1865985789178255
EPS_KURT,0.021442530095935792,-0.06,0.11,0.716,0.593,Forest - Subtropical-tropical moist lowland,0.1865985789178255
EPS_SKEW,0.01668072343115275,-0.07,0.1,0.762,0.682,Forest - Subtropical-tropical moist lowland,0.1865985789178255
ACI,0.2873655440405149,0.2,0.36,0.0,0.0,Forest - Subtropical-tropical moist lowland,0.1865985789178255
NDSI,-0.0918123644706379,-0.17,-0.01,0.018000000000000016,0.031,Forest - Subtropical-tropical moist lowland,0.1865985789178255
rBA,-0.0918123644706379,-0.17,-0.01,0.018000000000000016,0.031,Forest - Subtropical-tropical moist lowland,0.1865985789178255
AnthroEnergy,0.15761230088239117,0.08,0.24,0.0,0.0,Forest - Subtropical-tropical moist lowland,0.1865985789178255
BioEnergy,-0.0049149840513019105,-0.09,0.07,0.9059999999999999,0.913,Forest - Subtropical-tropical moist lowland,0.1865985789178255
BIO,-0.1447774977509854,-0.22,-0.06,0.0,0.001,Forest - Subtropical-tropical moist lowland,0.1865985789178255
ROU,0.00038508858529925336,-0.08,0.08,0.984,0.996,Forest - Subtropical-tropical moist lowland,0.1865985789178255
ADI,-0.06245140564950701,-0.15,0.02,0.18399999999999994,0.137,Forest - Subtropical-tropical moist lowland,0.1865985789178255
AEI,0.06602704095499197,-0.02,0.15,0.156,0.123,Forest - Subtropical-tropical moist lowland,0.1865985789178255
LFC,0.3930810418568346,0.32,0.46,0.0,0.0,Forest - Subtropical-tropical moist lowland,0.1865985789178255
MFC,0.2981249305487002,0.21,0.38,0.0,0.0,Forest - Subtropical-tropical moist lowland,0.1865985789178255
HFC,-0.1536146941849528,-0.24,-0.06,0.0,0.0,Forest - Subtropical-tropical moist lowland,0.1865985789178255
ACTspFract,0.12421049645043732,0.03,0.21,0.004,0.001,Forest - Subtropical-tropical moist lowland,0.1865985789178255
ACTspCount,0.12421049645043732,0.03,0.21,0.004,0.001,Forest - Subtropical-tropical moist lowland,0.1865985789178255
ACTspMean,0.2481001338180969,0.17,0.33,0.0,0.0,Forest - Subtropical-tropical moist lowland,0.1865985789178255
EVNspFract,0.1721726008263139,0.09,0.26,0.0,0.0,Forest - Subtropical-tropical moist lowland,0.1865985789178255
EVNspMean,0.14313151616114894,0.06,0.23,0.0,0.001,Forest - Subtropical-tropical moist lowland,0.1865985789178255
EVNspCount,0.13041816344707588,0.04,0.22,0.002,0.002,Forest - Subtropical-tropical moist lowland,0.1865985789178255
TFSD,0.2506694302406247,0.16,0.34,0.0,0.0,Forest - Subtropical-tropical moist lowland,0.1865985789178255
H_Havrda,-0.14962753236583548,-0.24,-0.07,0.0,0.001,Forest - Subtropical-tropical moist lowland,0.1865985789178255
H_Renyi,-0.14962753236583548,-0.24,-0.07,0.0,0.001,Forest - Subtropical-tropical moist lowland,0.1865985789178255
H_pairedShannon,-0.17576890591140068,-0.26,-0.1,0.0,0.0,Forest - Subtropical-tropical moist lowland,0.1865985789178255
H_gamma,-0.09548798615627534,-0.18,-0.02,0.020000000000000018,0.028,Forest - Subtropical-tropical moist lowland,0.1865985789178255
H_GiniSimpson,-0.1686158079768364,-0.26,-0.09,0.0,0.001,Forest - Subtropical-tropical moist lowland,0.1865985789178255
RAOQ,-0.027779251352504905,-0.1,0.05,0.53,0.514,Forest - Subtropical-tropical moist lowland,0.1865985789178255
AGI,0.25177206113211964,0.17,0.33,0.0,0.0,Forest - Subtropical-tropical moist lowland,0.1865985789178255
nROI,0.34109606218945665,0.26,0.41,0.0,0.0,Forest - Subtropical-tropical moist lowland,0.1865985789178255
aROI,0.30244709317283236,0.23,0.38,0.0,0.0,Forest - Subtropical-tropical moist lowland,0.1865985789178255
ZCR,0.09870331054773362,0.01,0.18,0.014,0.017,Forest - Subtropical-tropical moist montane,0.16649558701620257
MEANt,-0.15788866773348437,-0.23,-0.07,0.0020000000000000018,0.0,Forest - Subtropical-tropical moist montane,0.16649558701620257
VARt,-0.011861129059717672,-0.1,0.08,0.764,0.794,Forest - Subtropical-tropical moist montane,0.16649558701620257
SKEWt,0.11736770629093976,0.03,0.2,0.01,0.008,Forest - Subtropical-tropical moist montane,0.16649558701620257
KURTt,0.14157308696987778,0.06,0.23,0.002,0.001,Forest - Subtropical-tropical moist montane,0.16649558701620257
LEQt,-0.011861129059717672,-0.1,0.08,0.764,0.794,Forest - Subtropical-tropical moist montane,0.16649558701620257
BGNt,-0.008863665263981958,-0.1,0.08,0.8420000000000001,0.828,Forest - Subtropical-tropical moist montane,0.16649558701620257
SNRt,0.13631300971916255,0.05,0.22,0.0,0.003,Forest - Subtropical-tropical moist montane,0.16649558701620257
M,-0.008863665263981958,-0.1,0.08,0.8420000000000001,0.828,Forest - Subtropical-tropical moist montane,0.16649558701620257
Ht,-0.14213757871324992,-0.23,-0.06,0.0020000000000000018,0.001,Forest - Subtropical-tropical moist montane,0.16649558701620257
ACTtFraction,0.17543543451171315,0.09,0.26,0.0,0.0,Forest - Subtropical-tropical moist montane,0.16649558701620257
ACTtCount,0.17543543451171315,0.09,0.26,0.0,0.0,Forest - Subtropical-tropical moist montane,0.16649558701620257
ACTtMean,0.13393356513357468,0.05,0.22,0.004,0.001,Forest - Subtropical-tropical moist montane,0.16649558701620257
EVNtFraction,0.22086424455780415,0.14,0.3,0.0,0.0,Forest - Subtropical-tropical moist montane,0.16649558701620257
EVNtMean,0.2876883769975875,0.2,0.37,0.0,0.0,Forest - Subtropical-tropical moist montane,0.16649558701620257
EVNtCount,0.1774825748499618,0.09,0.25,0.0,0.0,Forest - Subtropical-tropical moist montane,0.16649558701620257
MEANf,-0.030562733826703305,-0.12,0.06,0.516,0.495,Forest - Subtropical-tropical moist montane,0.16649558701620257
VARf,0.014367627035193993,-0.07,0.11,0.732,0.754,Forest - Subtropical-tropical moist montane,0.16649558701620257
SKEWf,-0.06371560229571997,-0.15,0.03,0.15599999999999992,0.134,Forest - Subtropical-tropical moist montane,0.16649558701620257
KURTf,-0.07759085098028132,-0.16,0.01,0.09200000000000008,0.078,Forest - Subtropical-tropical moist montane,0.16649558701620257
NP,0.14568655261037414,0.05,0.23,0.002,0.001,Forest - Subtropical-tropical moist montane,0.16649558701620257
LEQf,0.003022963686158031,-0.08,0.1,0.936,0.949,Forest - Subtropical-tropical moist montane,0.16649558701620257
BGNf,-0.0002809448568686046,-0.09,0.09,0.978,0.998,Forest - Subtropical-tropical moist montane,0.16649558701620257
SNRf,0.2362167852248972,0.15,0.32,0.0,0.0,Forest - Subtropical-tropical moist montane,0.16649558701620257
Hf,-0.06863076193239923,-0.15,0.01,0.09600000000000009,0.114,Forest - Subtropical-tropical moist montane,0.16649558701620257
H,-0.008335899310314263,-0.09,0.07,0.8600000000000001,0.825,Forest - Subtropical-tropical moist montane,0.16649558701620257
EAS,0.39918409439983826,0.32,0.47,0.0,0.0,Forest - Subtropical-tropical moist montane,0.16649558701620257
ECU,0.2689813565286784,0.18,0.35,0.0,0.0,Forest - Subtropical-tropical moist montane,0.16649558701620257
ECV,0.32733335796606483,0.24,0.4,0.0,0.0,Forest - Subtropical-tropical moist montane,0.16649558701620257
EPS,0.41354149917575217,0.33,0.48,0.0,0.0,Forest - Subtropical-tropical moist montane,0.16649558701620257
EPS_KURT,-0.07672720017259606,-0.17,0.0,0.07800000000000007,0.073,Forest - Subtropical-tropical moist montane,0.16649558701620257
EPS_SKEW,-0.07571839328313364,-0.17,0.01,0.09000000000000008,0.075,Forest - Subtropical-tropical moist montane,0.16649558701620257
ACI,0.04466000998282805,-0.03,0.12,0.268,0.275,Forest - Subtropical-tropical moist montane,0.16649558701620257
NDSI,0.2566816739599192,0.17,0.34,0.0,0.0,Forest - Subtropical-tropical moist montane,0.16649558701620257
rBA,0.2566816739599192,0.17,0.34,0.0,0.0,Forest - Subtropical-tropical moist montane,0.16649558701620257
AnthroEnergy,-0.039270314484441377,-0.13,0.05,0.3979999999999999,0.381,Forest - Subtropical-tropical moist montane,0.16649558701620257
BioEnergy,0.05274827041560082,-0.03,0.14,0.252,0.218,Forest - Subtropical-tropical moist montane,0.16649558701620257
BIO,0.1711354890893581,0.08,0.26,0.0,0.0,Forest - Subtropical-tropical moist montane,0.16649558701620257
ROU,0.004403712126007769,-0.09,0.09,0.904,0.928,Forest - Subtropical-tropical moist montane,0.16649558701620257
ADI,-0.1829455440245273,-0.26,-0.1,0.0020000000000000018,0.0,Forest - Subtropical-tropical moist montane,0.16649558701620257
AEI,0.18677785044270442,0.1,0.26,0.0,0.0,Forest - Subtropical-tropical moist montane,0.16649558701620257
LFC,0.2428404227267678,0.16,0.33,0.0,0.0,Forest - Subtropical-tropical moist montane,0.16649558701620257
MFC,0.31326366332407035,0.22,0.39,0.0,0.0,Forest - Subtropical-tropical moist montane,0.16649558701620257
HFC,-0.10130107102087933,-0.2,-0.0,0.04600000000000004,0.015,Forest - Subtropical-tropical moist montane,0.16649558701620257
ACTspFract,0.12018667085371926,0.03,0.21,0.01,0.005,Forest - Subtropical-tropical moist montane,0.16649558701620257
ACTspCount,0.12018667085371926,0.03,0.21,0.01,0.005,Forest - Subtropical-tropical moist montane,0.16649558701620257
ACTspMean,0.30320377069320714,0.21,0.38,0.0,0.0,Forest - Subtropical-tropical moist montane,0.16649558701620257
EVNspFract,0.24213706207734406,0.15,0.32,0.0,0.0,Forest - Subtropical-tropical moist montane,0.16649558701620257
EVNspMean,0.21065994752542833,0.12,0.29,0.0,0.0,Forest - Subtropical-tropical moist montane,0.16649558701620257
EVNspCount,0.14665505022102476,0.06,0.23,0.002,0.0,Forest - Subtropical-tropical moist montane,0.16649558701620257
TFSD,0.2707882430790258,0.19,0.34,0.0,0.0,Forest - Subtropical-tropical moist montane,0.16649558701620257
H_Havrda,0.05088462244735995,-0.04,0.14,0.266,0.247,Forest - Subtropical-tropical moist montane,0.16649558701620257
H_Renyi,0.05088462244735995,-0.04,0.14,0.266,0.247,Forest - Subtropical-tropical moist montane,0.16649558701620257
H_pairedShannon,-0.06480317633941693,-0.14,0.02,0.1259999999999999,0.129,Forest - Subtropical-tropical moist montane,0.16649558701620257
H_gamma,-0.12342121672104905,-0.2,-0.03,0.006000000000000005,0.002,Forest - Subtropical-tropical moist montane,0.16649558701620257
H_GiniSimpson,0.02126690861221137,-0.06,0.11,0.64,0.624,Forest - Subtropical-tropical moist montane,0.16649558701620257
RAOQ,-0.028893122925524393,-0.12,0.06,0.526,0.525,Forest - Subtropical-tropical moist montane,0.16649558701620257
AGI,0.19314765616086543,0.1,0.28,0.0,0.0,Forest - Subtropical-tropical moist montane,0.16649558701620257
nROI,0.43402203653186516,0.36,0.51,0.0,0.0,Forest - Subtropical-tropical moist montane,0.16649558701620257
aROI,0.43139902401459856,0.35,0.5,0.0,0.0,Forest - Subtropical-tropical moist montane,0.16649558701620257
ZCR,0.18389915009663407,0.14,0.23,0.0,0.0,Forest - Temperate,0.097337556077364
MEANt,0.015975603332231643,-0.03,0.06,0.46,0.48,Forest - Temperate,0.097337556077364
VARt,0.13129249313169986,0.09,0.17,0.0,0.0,Forest - Temperate,0.097337556077364
SKEWt,-0.04533602218304873,-0.09,-0.0,0.05600000000000005,0.047,Forest - Temperate,0.097337556077364
KURTt,0.27911296719839596,0.24,0.32,0.0,0.0,Forest - Temperate,0.097337556077364
LEQt,0.13089715771557328,0.09,0.17,0.0,0.0,Forest - Temperate,0.097337556077364
BGNt,0.10140687439455726,0.06,0.14,0.0,0.0,Forest - Temperate,0.097337556077364
SNRt,0.31648419516226495,0.27,0.36,0.0,0.0,Forest - Temperate,0.097337556077364
M,0.10140687439455726,0.06,0.14,0.0,0.0,Forest - Temperate,0.097337556077364
Ht,-0.29614731960335483,-0.34,-0.25,0.0,0.0,Forest - Temperate,0.097337556077364
ACTtFraction,0.3449257866033241,0.3,0.38,0.0,0.0,Forest - Temperate,0.097337556077364
ACTtCount,0.34493628854459185,0.3,0.38,0.0,0.0,Forest - Temperate,0.097337556077364
ACTtMean,0.2925138952015251,0.25,0.33,0.0,0.0,Forest - Temperate,0.097337556077364
EVNtFraction,0.3944624427351778,0.35,0.43,0.0,0.0,Forest - Temperate,0.097337556077364
EVNtMean,0.4406990252559427,0.4,0.47,0.0,0.0,Forest - Temperate,0.097337556077364
EVNtCount,0.2539705156355133,0.21,0.29,0.0,0.0,Forest - Temperate,0.097337556077364
MEANf,0.25265881004026386,0.21,0.29,0.0,0.0,Forest - Temperate,0.097337556077364
VARf,0.12329591725359422,0.08,0.16,0.0,0.0,Forest - Temperate,0.097337556077364
SKEWf,-0.3817748474033583,-0.42,-0.35,0.0,0.0,Forest - Temperate,0.097337556077364
KURTf,-0.3696128074694484,-0.4,-0.33,0.0,0.0,Forest - Temperate,0.097337556077364
NP,0.6382200994093368,0.61,0.67,0.0,0.0,Forest - Temperate,0.097337556077364
LEQf,0.1260508691279937,0.08,0.17,0.0,0.0,Forest - Temperate,0.097337556077364
BGNf,-0.02856005652250481,-0.07,0.02,0.21999999999999997,0.215,Forest - Temperate,0.097337556077364
SNRf,0.4818495966654529,0.45,0.51,0.0,0.0,Forest - Temperate,0.097337556077364
Hf,0.2727414174339467,0.23,0.31,0.0,0.0,Forest - Temperate,0.097337556077364
H,0.25219106350130427,0.21,0.29,0.0,0.0,Forest - Temperate,0.097337556077364
EAS,0.6965807570289939,0.67,0.72,0.0,0.0,Forest - Temperate,0.097337556077364
ECU,0.48487346171033413,0.45,0.52,0.0,0.0,Forest - Temperate,0.097337556077364
ECV,0.47658933260839725,0.44,0.51,0.0,0.0,Forest - Temperate,0.097337556077364
EPS,0.6928923052201875,0.67,0.72,0.0,0.0,Forest - Temperate,0.097337556077364
EPS_KURT,-0.35945330203930365,-0.41,-0.3,0.0,0.0,Forest - Temperate,0.097337556077364
EPS_SKEW,-0.34180724731958023,-0.39,-0.28,0.0,0.0,Forest - Temperate,0.097337556077364
ACI,0.43413201942778207,0.39,0.47,0.0,0.0,Forest - Temperate,0.097337556077364
NDSI,0.459464115638055,0.43,0.49,0.0,0.0,Forest - Temperate,0.097337556077364
rBA,0.459464115638055,0.43,0.49,0.0,0.0,Forest - Temperate,0.097337556077364
AnthroEnergy,0.073738453031628,0.03,0.12,0.0,0.001,Forest - Temperate,0.097337556077364
BioEnergy,0.429109773502605,0.4,0.46,0.0,0.0,Forest - Temperate,0.097337556077364
BIO,0.6825100635932355,0.66,0.7,0.0,0.0,Forest - Temperate,0.097337556077364
ROU,0.14442217313908995,0.1,0.18,0.0,0.0,Forest - Temperate,0.097337556077364
ADI,-0.27155648529279597,-0.32,-0.23,0.0,0.0,Forest - Temperate,0.097337556077364
AEI,0.25538767319927314,0.21,0.3,0.0,0.0,Forest - Temperate,0.097337556077364
LFC,0.3521741659884018,0.31,0.39,0.0,0.0,Forest - Temperate,0.097337556077364
MFC,0.703030518731898,0.68,0.73,0.0,0.0,Forest - Temperate,0.097337556077364
HFC,-0.2306761323608204,-0.28,-0.19,0.0,0.0,Forest - Temperate,0.097337556077364
ACTspFract,0.5867190893723221,0.55,0.62,0.0,0.0,Forest - Temperate,0.097337556077364
ACTspCount,0.5867252688103025,0.55,0.62,0.0,0.0,Forest - Temperate,0.097337556077364
ACTspMean,0.6835784918965233,0.66,0.71,0.0,0.0,Forest - Temperate,0.097337556077364
EVNspFract,0.7060737819947297,0.68,0.73,0.0,0.0,Forest - Temperate,0.097337556077364
EVNspMean,0.6089669841833907,0.58,0.64,0.0,0.0,Forest - Temperate,0.097337556077364
EVNspCount,0.6855656771008299,0.66,0.71,0.0,0.0,Forest - Temperate,0.097337556077364
TFSD,0.643285881508593,0.61,0.67,0.0,0.0,Forest - Temperate,0.097337556077364
H_Havrda,0.31160512177320043,0.27,0.35,0.0,0.0,Forest - Temperate,0.097337556077364
H_Renyi,0.31160512177320043,0.27,0.35,0.0,0.0,Forest - Temperate,0.097337556077364
H_pairedShannon,0.2734644028647322,0.23,0.31,0.0,0.0,Forest - Temperate,0.097337556077364
H_gamma,0.16554808208619848,0.12,0.21,0.0,0.0,Forest - Temperate,0.097337556077364
H_GiniSimpson,0.3169789993909993,0.28,0.35,0.0,0.0,Forest - Temperate,0.097337556077364
RAOQ,0.14375705808262068,0.09,0.19,0.0,0.0,Forest - Temperate,0.097337556077364
AGI,0.6417036786308679,0.61,0.67,0.0,0.0,Forest - Temperate,0.097337556077364
nROI,0.8026938051614042,0.78,0.82,0.0,0.0,Forest - Temperate,0.097337556077364
aROI,0.7859114985637041,0.77,0.8,0.0,0.0,Forest - Temperate,0.097337556077364
ZCR,0.4117910739947531,0.33,0.48,0.0,0.0,Plantations,0.17423397073802033
MEANt,0.03293632765888418,-0.05,0.11,0.424,0.465,Plantations,0.17423397073802033
VARt,-0.1528482096526724,-0.24,-0.07,0.0,0.0,Plantations,0.17423397073802033
SKEWt,-0.06348685629979656,-0.15,0.02,0.17199999999999993,0.106,Plantations,0.17423397073802033
KURTt,0.1837419735060718,0.1,0.27,0.0,0.0,Plantations,0.17423397073802033
LEQt,-0.1528482096526724,-0.24,-0.07,0.0,0.0,Plantations,0.17423397073802033
BGNt,-0.14381189948338263,-0.22,-0.05,0.0,0.001,Plantations,0.17423397073802033
SNRt,0.09573492280485106,0.01,0.17,0.016,0.023,Plantations,0.17423397073802033
M,-0.14381189948338263,-0.22,-0.05,0.0,0.001,Plantations,0.17423397073802033
Ht,-0.12220719438632158,-0.19,-0.04,0.0020000000000000018,0.004,Plantations,0.17423397073802033
ACTtFraction,0.08149382098490973,0.0,0.16,0.034,0.062,Plantations,0.17423397073802033
ACTtCount,0.08149382098490973,0.0,0.16,0.034,0.062,Plantations,0.17423397073802033
ACTtMean,0.07669614943044112,-0.01,0.16,0.064,0.056,Plantations,0.17423397073802033
EVNtFraction,0.10557568783108934,0.03,0.18,0.014,0.013,Plantations,0.17423397073802033
EVNtMean,0.14472660568789492,0.06,0.23,0.004,0.0,Plantations,0.17423397073802033
EVNtCount,0.06414296604385296,-0.02,0.14,0.094,0.126,Plantations,0.17423397073802033
MEANf,-0.055147505110206586,-0.14,0.03,0.17199999999999993,0.196,Plantations,0.17423397073802033
VARf,-0.16213883986494523,-0.25,-0.08,0.0,0.0,Plantations,0.17423397073802033
SKEWf,-0.1341279301961526,-0.21,-0.06,0.0040000000000000036,0.003,Plantations,0.17423397073802033
KURTf,-0.14150050707663567,-0.22,-0.07,0.0,0.002,Plantations,0.17423397073802033
NP,0.33130573572695554,0.25,0.4,0.0,0.0,Plantations,0.17423397073802033
LEQf,-0.14555829866344205,-0.23,-0.06,0.0,0.0,Plantations,0.17423397073802033
BGNf,-0.19666420183751643,-0.27,-0.11,0.0,0.0,Plantations,0.17423397073802033
SNRf,0.19014178261760473,0.11,0.26,0.0,0.0,Plantations,0.17423397073802033
Hf,0.18516081548750246,0.1,0.26,0.0,0.0,Plantations,0.17423397073802033
H,0.16578783363585722,0.08,0.24,0.0,0.0,Plantations,0.17423397073802033
EAS,0.41525679214911676,0.34,0.49,0.0,0.0,Plantations,0.17423397073802033
ECU,0.22175812383698515,0.14,0.31,0.0,0.0,Plantations,0.17423397073802033
ECV,0.21306877651984107,0.13,0.3,0.0,0.0,Plantations,0.17423397073802033
EPS,0.364820256112171,0.29,0.44,0.0,0.0,Plantations,0.17423397073802033
EPS_KURT,-0.1788740415667939,-0.26,-0.09,0.0,0.0,Plantations,0.17423397073802033
EPS_SKEW,-0.1744479080180351,-0.25,-0.08,0.0,0.0,Plantations,0.17423397073802033
ACI,0.16215254442251364,0.08,0.24,0.0,0.001,Plantations,0.17423397073802033
NDSI,0.38639455536417366,0.32,0.45,0.0,0.0,Plantations,0.17423397073802033
rBA,0.38639455536417366,0.32,0.45,0.0,0.0,Plantations,0.17423397073802033
AnthroEnergy,-0.2882816542755365,-0.37,-0.2,0.0,0.0,Plantations,0.17423397073802033
BioEnergy,0.11526863170765878,0.04,0.19,0.0,0.008,Plantations,0.17423397073802033
BIO,0.3001573660455695,0.23,0.37,0.0,0.0,Plantations,0.17423397073802033
ROU,-0.14051575238799902,-0.22,-0.05,0.0,0.0,Plantations,0.17423397073802033
ADI,-0.0146748402442684,-0.09,0.08,0.6679999999999999,0.733,Plantations,0.17423397073802033
AEI,0.013056679177562595,-0.08,0.09,0.692,0.761,Plantations,0.17423397073802033
LFC,0.23728713748791286,0.15,0.31,0.0,0.0,Plantations,0.17423397073802033
MFC,0.5884424921423567,0.52,0.64,0.0,0.0,Plantations,0.17423397073802033
HFC,0.030542439906764907,-0.05,0.11,0.44,0.48,Plantations,0.17423397073802033
ACTspFract,0.48708295242965666,0.42,0.54,0.0,0.0,Plantations,0.17423397073802033
ACTspCount,0.48708295242965666,0.42,0.54,0.0,0.0,Plantations,0.17423397073802033
ACTspMean,0.42878428683375674,0.36,0.5,0.0,0.0,Plantations,0.17423397073802033
EVNspFract,0.46370042823854424,0.39,0.52,0.0,0.0,Plantations,0.17423397073802033
EVNspMean,0.2849977133727605,0.2,0.36,0.0,0.0,Plantations,0.17423397073802033
EVNspCount,0.4779826301336367,0.4,0.54,0.0,0.0,Plantations,0.17423397073802033
TFSD,0.48713814677815864,0.42,0.55,0.0,0.0,Plantations,0.17423397073802033
H_Havrda,0.17591700004388336,0.09,0.25,0.0,0.0,Plantations,0.17423397073802033
H_Renyi,0.17591700004388336,0.09,0.25,0.0,0.0,Plantations,0.17423397073802033
H_pairedShannon,0.18417781498223454,0.1,0.26,0.0,0.0,Plantations,0.17423397073802033
H_gamma,0.2887352568583079,0.2,0.36,0.0,0.0,Plantations,0.17423397073802033
H_GiniSimpson,0.17005678504567787,0.09,0.24,0.0,0.0,Plantations,0.17423397073802033
RAOQ,0.27382224967624375,0.19,0.35,0.0,0.0,Plantations,0.17423397073802033
AGI,0.47987546217663085,0.4,0.54,0.0,0.0,Plantations,0.17423397073802033
nROI,0.4978197734533789,0.44,0.56,0.0,0.0,Plantations,0.17423397073802033
aROI,0.4803468528476004,0.41,0.54,0.0,0.0,Plantations,0.17423397073802033
ZCR,-0.13974583017343453,-0.27,0.02,0.052000000000000046,0.057,Shrubland - Subtropical-tropical high altitude,0.28887058640624313
MEANt,0.07411183999417592,-0.06,0.21,0.312,0.307,Shrubland - Subtropical-tropical high altitude,0.28887058640624313
VARt,0.014819005774042432,-0.13,0.14,0.808,0.847,Shrubland - Subtropical-tropical high altitude,0.28887058640624313
SKEWt,-0.11312205315204939,-0.24,0.02,0.1160000000000001,0.12,Shrubland - Subtropical-tropical high altitude,0.28887058640624313
KURTt,-0.003209243564679184,-0.15,0.13,0.974,0.967,Shrubland - Subtropical-tropical high altitude,0.28887058640624313
LEQt,0.014819005774042432,-0.13,0.14,0.808,0.847,Shrubland - Subtropical-tropical high altitude,0.28887058640624313
BGNt,0.03932121895120278,-0.12,0.17,0.586,0.588,Shrubland - Subtropical-tropical high altitude,0.28887058640624313
SNRt,0.013605242623859943,-0.12,0.14,0.768,0.873,Shrubland - Subtropical-tropical high altitude,0.28887058640624313
M,0.03932121895120278,-0.12,0.17,0.586,0.588,Shrubland - Subtropical-tropical high altitude,0.28887058640624313
Ht,-0.03153094410640271,-0.16,0.12,0.5720000000000001,0.686,Shrubland - Subtropical-tropical high altitude,0.28887058640624313
ACTtFraction,0.01484928982945128,-0.12,0.14,0.782,0.847,Shrubland - Subtropical-tropical high altitude,0.28887058640624313
ACTtCount,0.01484928982945128,-0.12,0.14,0.782,0.847,Shrubland - Subtropical-tropical high altitude,0.28887058640624313
ACTtMean,-0.002805776589549271,-0.14,0.13,0.99,0.975,Shrubland - Subtropical-tropical high altitude,0.28887058640624313
EVNtFraction,0.016800278302635807,-0.12,0.14,0.764,0.83,Shrubland - Subtropical-tropical high altitude,0.28887058640624313
EVNtMean,-0.024709009996589853,-0.15,0.13,0.714,0.757,Shrubland - Subtropical-tropical high altitude,0.28887058640624313
EVNtCount,0.10048325913407123,-0.03,0.23,0.132,0.168,Shrubland - Subtropical-tropical high altitude,0.28887058640624313
MEANf,0.08908887033347757,-0.07,0.23,0.204,0.219,Shrubland - Subtropical-tropical high altitude,0.28887058640624313
VARf,0.0473468495314953,-0.1,0.17,0.476,0.516,Shrubland - Subtropical-tropical high altitude,0.28887058640624313
SKEWf,-0.08846349652202619,-0.23,0.04,0.21599999999999997,0.244,Shrubland - Subtropical-tropical high altitude,0.28887058640624313
KURTf,-0.11009100750138592,-0.25,0.02,0.12200000000000011,0.125,Shrubland - Subtropical-tropical high altitude,0.28887058640624313
NP,0.2191177184722842,0.07,0.36,0.0,0.002,Shrubland - Subtropical-tropical high altitude,0.28887058640624313
LEQf,0.05469667292844521,-0.1,0.18,0.432,0.451,Shrubland - Subtropical-tropical high altitude,0.28887058640624313
BGNf,0.04787808104874969,-0.11,0.18,0.5,0.528,Shrubland - Subtropical-tropical high altitude,0.28887058640624313
SNRf,0.018248475062646694,-0.13,0.14,0.72,0.805,Shrubland - Subtropical-tropical high altitude,0.28887058640624313
Hf,0.019922863009435837,-0.11,0.16,0.776,0.79,Shrubland - Subtropical-tropical high altitude,0.28887058640624313
H,0.0013549765914779583,-0.13,0.14,0.986,0.989,Shrubland - Subtropical-tropical high altitude,0.28887058640624313
EAS,0.24110009655086148,0.1,0.37,0.0,0.003,Shrubland - Subtropical-tropical high altitude,0.28887058640624313
ECU,0.08317639803542795,-0.07,0.23,0.278,0.236,Shrubland - Subtropical-tropical high altitude,0.28887058640624313
ECV,0.033681086861365866,-0.11,0.2,0.662,0.62,Shrubland - Subtropical-tropical high altitude,0.28887058640624313
EPS,0.17614359466734184,0.04,0.31,0.004,0.009,Shrubland - Subtropical-tropical high altitude,0.28887058640624313
EPS_KURT,-0.21065683216491313,-0.34,-0.07,0.0020000000000000018,0.002,Shrubland - Subtropical-tropical high altitude,0.28887058640624313
EPS_SKEW,-0.18841907738566943,-0.31,-0.05,0.0040000000000000036,0.006,Shrubland - Subtropical-tropical high altitude,0.28887058640624313
ACI,0.25425311994009664,0.11,0.38,0.0,0.0,Shrubland - Subtropical-tropical high altitude,0.28887058640624313
NDSI,0.02649096914207154,-0.1,0.17,0.738,0.725,Shrubland - Subtropical-tropical high altitude,0.28887058640624313
rBA,0.02649096914207154,-0.1,0.17,0.738,0.725,Shrubland - Subtropical-tropical high altitude,0.28887058640624313
AnthroEnergy,0.043325628679367165,-0.1,0.17,0.532,0.556,Shrubland - Subtropical-tropical high altitude,0.28887058640624313
BioEnergy,0.15736725031223348,-0.01,0.3,0.044,0.026,Shrubland - Subtropical-tropical high altitude,0.28887058640624313
BIO,0.18418771748399446,0.04,0.31,0.008,0.013,Shrubland - Subtropical-tropical high altitude,0.28887058640624313
ROU,0.07751777370923092,-0.07,0.21,0.256,0.304,Shrubland - Subtropical-tropical high altitude,0.28887058640624313
ADI,-0.007260724439942062,-0.13,0.14,0.8700000000000001,0.923,Shrubland - Subtropical-tropical high altitude,0.28887058640624313
AEI,0.0073094766994369256,-0.14,0.13,0.878,0.921,Shrubland - Subtropical-tropical high altitude,0.28887058640624313
LFC,0.14900713865377432,0.01,0.28,0.032,0.046,Shrubland - Subtropical-tropical high altitude,0.28887058640624313
MFC,0.25316806432075534,0.11,0.38,0.0,0.0,Shrubland - Subtropical-tropical high altitude,0.28887058640624313
HFC,0.04118728704017223,-0.11,0.18,0.52,0.579,Shrubland - Subtropical-tropical high altitude,0.28887058640624313
ACTspFract,0.18089617260299862,0.03,0.31,0.006,0.017,Shrubland - Subtropical-tropical high altitude,0.28887058640624313
ACTspCount,0.18089617260299862,0.03,0.31,0.006,0.017,Shrubland - Subtropical-tropical high altitude,0.28887058640624313
ACTspMean,0.2743020663792605,0.13,0.41,0.0,0.001,Shrubland - Subtropical-tropical high altitude,0.28887058640624313
EVNspFract,0.23966106433956474,0.1,0.37,0.0,0.002,Shrubland - Subtropical-tropical high altitude,0.28887058640624313
EVNspMean,0.2158682805936745,0.07,0.35,0.0,0.005,Shrubland - Subtropical-tropical high altitude,0.28887058640624313
EVNspCount,0.24014832936708552,0.1,0.37,0.0,0.001,Shrubland - Subtropical-tropical high altitude,0.28887058640624313
TFSD,0.2808802591862745,0.15,0.4,0.0,0.0,Shrubland - Subtropical-tropical high altitude,0.28887058640624313
H_Havrda,0.08815753406588601,-0.04,0.23,0.226,0.239,Shrubland - Subtropical-tropical high altitude,0.28887058640624313
H_Renyi,0.08815753406588601,-0.04,0.23,0.226,0.239,Shrubland - Subtropical-tropical high altitude,0.28887058640624313
H_pairedShannon,0.02176704330825881,-0.11,0.16,0.754,0.772,Shrubland - Subtropical-tropical high altitude,0.28887058640624313
H_gamma,-0.038542863911681324,-0.17,0.1,0.536,0.606,Shrubland - Subtropical-tropical high altitude,0.28887058640624313
H_GiniSimpson,0.07113458994019642,-0.06,0.21,0.33,0.335,Shrubland - Subtropical-tropical high altitude,0.28887058640624313
RAOQ,-0.0579395387410519,-0.19,0.08,0.3979999999999999,0.431,Shrubland - Subtropical-tropical high altitude,0.28887058640624313
AGI,0.2644961377712073,0.12,0.4,0.0,0.001,Shrubland - Subtropical-tropical high altitude,0.28887058640624313
nROI,0.3601954000393753,0.23,0.48,0.0,0.0,Shrubland - Subtropical-tropical high altitude,0.28887058640624313
aROI,0.35856965143823594,0.22,0.48,0.0,0.0,Shrubland - Subtropical-tropical high altitude,0.28887058640624313
ZCR,0.16176299354781043,0.09,0.24,0.0,0.0,Shrubland - Temperate,0.1583986582176696
MEANt,0.007991125153828599,-0.06,0.08,0.826,0.84,Shrubland - Temperate,0.1583986582176696
VARt,-0.042609778010653625,-0.13,0.04,0.31200000000000006,0.28,Shrubland - Temperate,0.1583986582176696
SKEWt,0.04390374526731041,-0.03,0.13,0.284,0.239,Shrubland - Temperate,0.1583986582176696
KURTt,0.024958006068836334,-0.06,0.11,0.558,0.543,Shrubland - Temperate,0.1583986582176696
LEQt,-0.04262659845953434,-0.13,0.04,0.31200000000000006,0.28,Shrubland - Temperate,0.1583986582176696
BGNt,-0.012554091400802322,-0.09,0.07,0.764,0.764,Shrubland - Temperate,0.1583986582176696
SNRt,-0.011674844384371094,-0.09,0.07,0.79,0.774,Shrubland - Temperate,0.1583986582176696
M,-0.012554091400802322,-0.09,0.07,0.764,0.764,Shrubland - Temperate,0.1583986582176696
Ht,0.002607435593341941,-0.08,0.09,0.954,0.952,Shrubland - Temperate,0.1583986582176696
ACTtFraction,-0.009069847360932986,-0.1,0.07,0.8280000000000001,0.817,Shrubland - Temperate,0.1583986582176696
ACTtCount,-0.009180259219506869,-0.1,0.07,0.8260000000000001,0.814,Shrubland - Temperate,0.1583986582176696
ACTtMean,-0.005994320965656186,-0.09,0.08,0.9039999999999999,0.884,Shrubland - Temperate,0.1583986582176696
EVNtFraction,-0.0008170409660410178,-0.09,0.08,0.99,0.984,Shrubland - Temperate,0.1583986582176696
EVNtMean,0.03581456476283733,-0.05,0.12,0.38,0.352,Shrubland - Temperate,0.1583986582176696
EVNtCount,0.03940862043964431,-0.05,0.12,0.374,0.325,Shrubland - Temperate,0.1583986582176696
MEANf,0.08575017774871087,0.0,0.17,0.04,0.023,Shrubland - Temperate,0.1583986582176696
VARf,-0.03298074629994072,-0.12,0.05,0.46399999999999997,0.412,Shrubland - Temperate,0.1583986582176696
SKEWf,-0.28754872489209743,-0.35,-0.21,0.0,0.0,Shrubland - Temperate,0.1583986582176696
KURTf,-0.28708827021969624,-0.36,-0.21,0.0,0.0,Shrubland - Temperate,0.1583986582176696
NP,0.3442033446770059,0.26,0.43,0.0,0.0,Shrubland - Temperate,0.1583986582176696
LEQf,-0.014755216978359064,-0.1,0.07,0.73,0.703,Shrubland - Temperate,0.1583986582176696
BGNf,-0.08359517539716035,-0.16,0.01,0.052000000000000046,0.03,Shrubland - Temperate,0.1583986582176696
SNRf,0.12368196792703982,0.04,0.2,0.002,0.002,Shrubland - Temperate,0.1583986582176696
Hf,0.2688752436891926,0.2,0.33,0.0,0.0,Shrubland - Temperate,0.1583986582176696
H,0.2682285976976118,0.2,0.34,0.0,0.0,Shrubland - Temperate,0.1583986582176696
EAS,0.3883178036876307,0.31,0.46,0.0,0.0,Shrubland - Temperate,0.1583986582176696
ECU,0.20373944687128878,0.13,0.29,0.0,0.0,Shrubland - Temperate,0.1583986582176696
ECV,0.1664602573689984,0.08,0.25,0.0,0.0,Shrubland - Temperate,0.1583986582176696
EPS,0.5618652405543683,0.49,0.62,0.0,0.0,Shrubland - Temperate,0.1583986582176696
EPS_KURT,-0.16141236290113037,-0.24,-0.08,0.0,0.0,Shrubland - Temperate,0.1583986582176696
EPS_SKEW,-0.11032845502207349,-0.2,-0.02,0.008000000000000007,0.001,Shrubland - Temperate,0.1583986582176696
ACI,0.3587734628163198,0.28,0.43,0.0,0.0,Shrubland - Temperate,0.1583986582176696
NDSI,0.36967587617350206,0.3,0.43,0.0,0.0,Shrubland - Temperate,0.1583986582176696
rBA,0.36967587617350206,0.3,0.43,0.0,0.0,Shrubland - Temperate,0.1583986582176696
AnthroEnergy,-0.04720006213993362,-0.13,0.04,0.264,0.227,Shrubland - Temperate,0.1583986582176696
BioEnergy,0.31213770422721754,0.24,0.39,0.0,0.0,Shrubland - Temperate,0.1583986582176696
BIO,0.4447503892195892,0.37,0.51,0.0,0.0,Shrubland - Temperate,0.1583986582176696
ROU,-0.016689896004972053,-0.1,0.07,0.712,0.671,Shrubland - Temperate,0.1583986582176696
ADI,0.05363611428562381,-0.03,0.14,0.23,0.177,Shrubland - Temperate,0.1583986582176696
AEI,-0.07187295955395855,-0.16,0.01,0.1060000000000001,0.07,Shrubland - Temperate,0.1583986582176696
LFC,0.2270854037717066,0.15,0.31,0.0,0.0,Shrubland - Temperate,0.1583986582176696
MFC,0.35070895127287194,0.28,0.42,0.0,0.0,Shrubland - Temperate,0.1583986582176696
HFC,-0.2946519876016617,-0.37,-0.23,0.0,0.0,Shrubland - Temperate,0.1583986582176696
ACTspFract,0.29120658501616303,0.22,0.37,0.0,0.0,Shrubland - Temperate,0.1583986582176696
ACTspCount,0.29102232015502577,0.22,0.37,0.0,0.0,Shrubland - Temperate,0.1583986582176696
ACTspMean,0.3852308625241893,0.31,0.46,0.0,0.0,Shrubland - Temperate,0.1583986582176696
EVNspFract,0.3499031965136533,0.28,0.42,0.0,0.0,Shrubland - Temperate,0.1583986582176696
EVNspMean,0.2489065469968064,0.17,0.33,0.0,0.0,Shrubland - Temperate,0.1583986582176696
EVNspCount,0.32158520927695705,0.25,0.4,0.0,0.0,Shrubland - Temperate,0.1583986582176696
TFSD,0.4740265646619686,0.41,0.54,0.0,0.0,Shrubland - Temperate,0.1583986582176696
H_Havrda,0.2866306189554418,0.22,0.35,0.0,0.0,Shrubland - Temperate,0.1583986582176696
H_Renyi,0.2866306189554418,0.22,0.35,0.0,0.0,Shrubland - Temperate,0.1583986582176696
H_pairedShannon,0.26960861116782503,0.2,0.34,0.0,0.0,Shrubland - Temperate,0.1583986582176696
H_gamma,0.2083302425713985,0.14,0.28,0.0,0.0,Shrubland - Temperate,0.1583986582176696
H_GiniSimpson,0.27703078770768846,0.2,0.34,0.0,0.0,Shrubland - Temperate,0.1583986582176696
RAOQ,0.20982525716412948,0.14,0.28,0.0,0.0,Shrubland - Temperate,0.1583986582176696
AGI,0.37265727004335863,0.3,0.44,0.0,0.0,Shrubland - Temperate,0.1583986582176696
nROI,0.555084312635042,0.48,0.61,0.0,0.0,Shrubland - Temperate,0.1583986582176696
aROI,0.4924202575466911,0.42,0.56,0.0,0.0,Shrubland - Temperate,0.1583986582176696
